id_conta,tipo,saldo
1,Corrente,19380.37
2,Salário,36548.01
3,Poupança,8773.0
4,Salário,48188.72
5,Corrente,42598.14
6,Salário,10334.63
7,Corrente,47142.25
8,Corrente,36725.25
9,Salário,11254.27
10,Corrente,23092.19
11,Salário,20250.66
12,Salário,44311.46
13,Poupança,39415.45
14,Corrente,4543.06
15,Salário,41776.7
16,Poupança,5220.02
17,Salário,47241.48
18,Corrente,24114.04
19,Salário,21979.54
20,Salário,36698.89
21,Poupança,2590.8
22,Salário,29930.94
23,Salário,13500.86
24,Corrente,15881.75
25,Salário,8806.49
26,Salário,20111.25
27,Corrente,38281.83
28,Poupança,18096.37
29,Poupança,43308.55
30,Poupança,39577.87
31,Salário,35714.24
32,Salário,40389.7
33,Salário,44645.33
34,Salário,38823.19
35,Poupança,36379.82
36,Salário,41534.64
37,Corrente,43285.83
38,Corrente,8851.39
39,Salário,15862.05
40,Corrente,7917.77
41,Poupança,46587.34
42,Salário,22957.66
43,Corrente,8203.56
44,Poupança,27772.91
45,Poupança,33098.96
46,Poupança,17680.57
47,Salário,11147.16
48,Salário,45765.06
49,Poupança,40962.27
50,Poupança,29305.5
51,Salário,25487.93
52,Salário,23546.07
53,Poupança,23903.16
54,Corrente,43168.36
55,Poupança,4945.68
56,Poupança,30341.39
57,Poupança,23249.51
58,Corrente,25640.58
59,Salário,38815.18
60,Salário,45795.15
61,Salário,35328.26
62,Poupança,41014.05
63,Poupança,12924.6
64,Corrente,6672.56
65,Salário,32510.57
66,Corrente,26573.11
67,Poupança,45325.82
68,Salário,44220.44
69,Poupança,11246.99
70,Corrente,44914.57
71,Poupança,29614.49
72,Poupança,42982.27
73,Salário,31391.34
74,Salário,7787.82
75,Poupança,14988.45
76,Poupança,27775.99
77,Poupança,47573.65
78,Poupança,30877.4
79,Salário,11700.66
80,Poupança,37878.04
81,Poupança,15943.81
82,Corrente,14247.61
83,Corrente,5124.53
84,Salário,24068.01
85,Poupança,14539.21
86,Corrente,16891.44
87,Poupança,17827.23
88,Corrente,13113.76
89,Salário,44572.63
90,Salário,46195.64
91,Poupança,7913.56
92,Salário,31943.34
93,Salário,20060.92
94,Salário,4258.96
95,Corrente,16649.4
96,Corrente,31747.16
97,Poupança,687.28
98,Poupança,13155.07
99,Corrente,18848.66
100,Salário,7293.51
101,Corrente,3154.76
102,Salário,27659.12
103,Salário,22429.24
104,Salário,36442.38
105,Salário,23657.87
106,Corrente,47170.14
107,Salário,42900.16
108,Poupança,31747.64
109,Poupança,33058.64
110,Corrente,3728.52
111,Salário,33467.01
112,Corrente,46012.55
113,Poupança,25428.97
114,Poupança,3619.87
115,Corrente,628.9
116,Poupança,10986.63
117,Corrente,11426.28
118,Corrente,2018.61
119,Salário,10549.42
120,Poupança,26934.44
121,Salário,43367.57
122,Salário,23436.41
123,Salário,14847.45
124,Poupança,10808.51
125,Poupança,43065.86
126,Poupança,27513.45
127,Poupança,49314.54
128,Poupança,14287.32
129,Salário,34834.67
130,Poupança,36956.68
131,Corrente,23315.19
132,Poupança,10491.24
133,Poupança,37633.2
134,Poupança,35173.23
135,Salário,26487.59
136,Salário,44462.33
137,Corrente,10480.59
138,Corrente,33556.28
139,Poupança,10978.51
140,Poupança,14028.25
141,Salário,10924.58
142,Poupança,22986.74
143,Salário,7801.15
144,Corrente,4844.09
145,Corrente,25028.36
146,Corrente,29462.97
147,Poupança,16002.78
148,Corrente,37865.01
149,Salário,49135.09
150,Poupança,32828.17
151,Poupança,24934.17
152,Poupança,16207.5
153,Poupança,24650.39
154,Corrente,47457.54
155,Corrente,37007.47
156,Poupança,39632.07
157,Corrente,29074.79
158,Salário,27171.28
159,Salário,1971.06
160,Corrente,43376.54
161,Salário,46139.11
162,Corrente,27269.49
163,Salário,48858.14
164,Salário,4908.36
165,Corrente,36827.37
166,Corrente,3564.43
167,Corrente,901.56
168,Poupança,27377.53
169,Corrente,10047.25
170,Salário,13423.73
171,Corrente,42469.2
172,Poupança,31474.71
173,Salário,22978.18
174,Corrente,44304.04
175,Corrente,6032.44
176,Corrente,48934.7
177,Salário,1737.61
178,Corrente,36023.81
179,Salário,47376.31
180,Salário,43844.92
181,Salário,43097.53
182,Poupança,7359.72
183,Corrente,23103.12
184,Poupança,2970.12
185,Corrente,38345.57
186,Salário,45065.45
187,Poupança,8910.92
188,Poupança,17202.89
189,Salário,48374.65
190,Salário,47735.57
191,Salário,8813.55
192,Corrente,16069.14
193,Corrente,8107.26
194,Salário,32619.35
195,Salário,4303.44
196,Salário,36519.61
197,Salário,5145.82
198,Poupança,24991.97
199,Salário,41173.47
200,Poupança,32583.93
201,Corrente,43448.54
202,Salário,22615.32
203,Poupança,28138.04
204,Poupança,46468.57
205,Corrente,27141.58
206,Salário,14107.49
207,Corrente,9453.13
208,Corrente,2335.83
209,Poupança,47972.29
210,Corrente,10376.25
211,Poupança,10939.48
212,Poupança,47355.16
213,Corrente,17288.62
214,Poupança,29294.52
215,Salário,4760.4
216,Corrente,23130.55
217,Corrente,31723.48
218,Poupança,40956.2
219,Poupança,43290.4
220,Poupança,27667.6
221,Poupança,49809.9
222,Poupança,17984.42
223,Poupança,31500.34
224,Salário,13427.79
225,Salário,34220.38
226,Corrente,49782.75
227,Salário,46408.58
228,Poupança,31183.06
229,Corrente,34733.46
230,Salário,8918.18
231,Poupança,40816.2
232,Corrente,8890.04
233,Salário,3581.11
234,Salário,15286.69
235,Corrente,28733.62
236,Salário,8404.28
237,Corrente,20667.03
238,Salário,1901.84
239,Salário,8769.82
240,Poupança,21143.58
241,Poupança,37077.89
242,Poupança,37914.54
243,Poupança,15935.91
244,Poupança,10138.91
245,Corrente,20981.93
246,Poupança,15157.9
247,Corrente,40170.28
248,Corrente,39585.05
249,Poupança,11654.49
250,Corrente,27943.28
251,Poupança,29375.33
252,Salário,12619.43
253,Corrente,35953.75
254,Poupança,23960.29
255,Salário,34078.32
256,Poupança,10495.48
257,Salário,49305.64
258,Salário,5714.82
259,Corrente,28715.55
260,Salário,33004.55
261,Salário,27066.4
262,Corrente,11116.05
263,Corrente,22344.62
264,Corrente,22433.0
265,Salário,9026.29
266,Salário,25207.46
267,Poupança,20582.4
268,Corrente,45316.72
269,Poupança,19985.53
270,Poupança,27286.1
271,Salário,16742.22
272,Poupança,27799.31
273,Corrente,256.83
274,Poupança,25451.62
275,Corrente,5850.45
276,Corrente,2026.39
277,Salário,2921.51
278,Corrente,43106.26
279,Corrente,34106.59
280,Poupança,41846.02
281,Corrente,4025.15
282,Poupança,35648.27
283,Salário,9219.31
284,Corrente,16644.92
285,Salário,31507.82
286,Salário,12525.79
287,Corrente,5227.47
288,Poupança,31509.68
289,Poupança,4416.43
290,Poupança,37042.63
291,Salário,1074.61
292,Corrente,37415.35
293,Poupança,9994.36
294,Corrente,44973.63
295,Salário,3416.77
296,Poupança,16349.96
297,Poupança,38083.33
298,Salário,38645.87
299,Poupança,48626.28
300,Corrente,8249.93
301,Salário,42888.97
302,Salário,16506.47
303,Salário,2369.72
304,Salário,39486.6
305,Corrente,8084.72
306,Corrente,45819.23
307,Poupança,49589.1
308,Corrente,45198.71
309,Poupança,49738.08
310,Salário,49684.95
311,Poupança,29641.97
312,Poupança,2507.0
313,Poupança,23743.75
314,Corrente,14158.37
315,Salário,7570.56
316,Salário,36434.29
317,Corrente,33635.53
318,Corrente,12764.41
319,Salário,4768.88
320,Salário,1985.88
321,Corrente,3328.37
322,Poupança,42933.61
323,Salário,6724.57
324,Corrente,26137.65
325,Corrente,2057.55
326,Salário,40662.85
327,Poupança,10715.35
328,Salário,13887.05
329,Salário,10288.74
330,Corrente,41099.9
331,Salário,26251.05
332,Corrente,19496.93
333,Corrente,13607.03
334,Salário,223.67
335,Corrente,23050.98
336,Poupança,14190.65
337,Poupança,42864.28
338,Corrente,40533.89
339,Corrente,7183.85
340,Poupança,44301.5
341,Salário,41018.3
342,Salário,591.46
343,Poupança,5069.03
344,Corrente,14382.4
345,Corrente,11855.68
346,Salário,3021.1
347,Poupança,18866.79
348,Salário,17221.1
349,Poupança,17867.41
350,Salário,20668.5
351,Poupança,22521.4
352,Corrente,45262.01
353,Salário,42573.15
354,Poupança,36673.8
355,Poupança,18465.76
356,Corrente,46029.39
357,Corrente,4198.29
358,Salário,7483.23
359,Poupança,15219.5
360,Poupança,44131.63
361,Corrente,18550.15
362,Salário,9057.29
363,Poupança,48410.62
364,Poupança,45331.35
365,Corrente,40369.63
366,Poupança,34077.88
367,Corrente,46926.93
368,Salário,37329.59
369,Poupança,44169.64
370,Poupança,41776.88
371,Salário,19183.24
372,Salário,27888.97
373,Poupança,34355.41
374,Corrente,42688.01
375,Corrente,32644.09
376,Poupança,42404.62
377,Corrente,13890.42
378,Poupança,36252.85
379,Poupança,28558.72
380,Poupança,37380.99
381,Poupança,33188.25
382,Corrente,16465.86
383,Corrente,26118.63
384,Corrente,5709.83
385,Corrente,17637.67
386,Salário,35977.54
387,Poupança,18705.72
388,Poupança,30897.01
389,Poupança,5326.05
390,Corrente,4303.8
391,Corrente,16484.23
392,Corrente,37318.91
393,Poupança,14826.78
394,Poupança,10715.96
395,Corrente,38302.89
396,Salário,5232.43
397,Salário,28841.68
398,Salário,34088.17
399,Corrente,32765.18
400,Corrente,38062.56
401,Corrente,19108.83
402,Corrente,30944.0
403,Poupança,49240.78
404,Poupança,7771.99
405,Poupança,25318.26
406,Poupança,35522.03
407,Corrente,36573.46
408,Salário,6048.04
409,Poupança,22214.04
410,Salário,9678.44
411,Corrente,6166.89
412,Salário,14300.94
413,Salário,44940.44
414,Poupança,25290.77
415,Corrente,14096.14
416,Poupança,47261.8
417,Corrente,26913.27
418,Corrente,38921.12
419,Poupança,32862.8
420,Poupança,48252.87
421,Corrente,11388.91
422,Corrente,6327.88
423,Corrente,38070.52
424,Corrente,10285.57
425,Salário,42540.4
426,Corrente,486.26
427,Poupança,42398.27
428,Poupança,37730.74
429,Salário,8837.44
430,Corrente,926.16
431,Poupança,29073.24
432,Poupança,5326.53
433,Poupança,17344.8
434,Corrente,23139.86
435,Poupança,42573.56
436,Salário,28072.16
437,Corrente,37429.32
438,Corrente,10536.13
439,Corrente,19198.64
440,Corrente,2581.31
441,Poupança,18013.04
442,Salário,18815.32
443,Salário,2294.71
444,Poupança,32347.33
445,Poupança,28113.1
446,Corrente,22095.83
447,Poupança,7833.19
448,Corrente,2128.91
449,Salário,35032.42
450,Salário,33692.18
451,Corrente,48619.28
452,Salário,32954.04
453,Poupança,10698.28
454,Poupança,15093.1
455,Corrente,16365.21
456,Corrente,3347.64
457,Poupança,19062.91
458,Corrente,21557.47
459,Salário,41082.24
460,Poupança,36338.72
461,Salário,18967.9
462,Poupança,25676.26
463,Salário,34684.9
464,Corrente,438.19
465,Salário,12496.4
466,Corrente,19051.35
467,Poupança,47268.61
468,Corrente,45070.41
469,Salário,45646.25
470,Salário,46876.36
471,Salário,29864.91
472,Salário,18375.37
473,Salário,11236.03
474,Poupança,40299.1
475,Poupança,36239.26
476,Poupança,41149.17
477,Corrente,28016.05
478,Corrente,46094.49
479,Corrente,3847.7
480,Corrente,13813.09
481,Corrente,24060.41
482,Salário,26718.09
483,Salário,15772.74
484,Salário,15617.83
485,Corrente,13800.12
486,Corrente,28640.88
487,Corrente,19966.34
488,Poupança,9220.63
489,Corrente,2074.21
490,Poupança,31916.88
491,Salário,8844.68
492,Corrente,13370.0
493,Salário,16090.17
494,Salário,6794.18
495,Salário,817.79
496,Poupança,27700.22
497,Poupança,22493.76
498,Poupança,21643.8
499,Corrente,34427.59
500,Corrente,17487.5
501,Salário,502.14
502,Corrente,40080.86
503,Poupança,47609.89
504,Poupança,48679.06
505,Corrente,41058.22
506,Salário,22747.25
507,Salário,4273.69
508,Poupança,32185.5
509,Corrente,39474.84
510,Corrente,13711.89
511,Poupança,3691.32
512,Salário,22457.7
513,Corrente,14608.44
514,Poupança,16086.05
515,Poupança,9621.15
516,Corrente,22691.88
517,Salário,1264.57
518,Poupança,47433.23
519,Poupança,31735.31
520,Poupança,6251.04
521,Corrente,33542.4
522,Poupança,31429.96
523,Corrente,18729.07
524,Salário,46463.58
525,Salário,9602.03
526,Corrente,27955.3
527,Salário,46042.21
528,Poupança,44821.26
529,Poupança,29923.76
530,Corrente,23833.89
531,Salário,29334.86
532,Poupança,39531.05
533,Poupança,32895.5
534,Salário,36877.02
535,Salário,43871.37
536,Poupança,36296.68
537,Corrente,44081.65
538,Poupança,42197.5
539,Salário,21819.88
540,Poupança,30677.6
541,Corrente,35489.35
542,Poupança,34361.6
543,Corrente,18166.54
544,Poupança,41802.22
545,Salário,14158.9
546,Corrente,19104.7
547,Salário,45411.94
548,Salário,8342.61
549,Salário,40306.57
550,Poupança,48217.3
551,Poupança,20408.23
552,Salário,21019.54
553,Corrente,26746.96
554,Poupança,28202.0
555,Poupança,41258.43
556,Salário,43517.93
557,Salário,29516.05
558,Salário,46466.1
559,Corrente,6706.05
560,Poupança,23896.96
561,Salário,5297.51
562,Salário,600.05
563,Salário,16218.47
564,Salário,22563.16
565,Poupança,24640.25
566,Poupança,39724.94
567,Salário,33059.74
568,Salário,41057.27
569,Poupança,15065.76
570,Corrente,34459.24
571,Poupança,19803.28
572,Salário,38640.12
573,Poupança,45260.58
574,Corrente,41607.71
575,Poupança,42469.65
576,Poupança,49158.82
577,Corrente,14485.76
578,Poupança,34223.06
579,Corrente,41247.18
580,Poupança,37706.25
581,Poupança,36428.97
582,Corrente,28536.51
583,Corrente,27315.39
584,Corrente,44093.73
585,Corrente,22619.81
586,Salário,30257.31
587,Poupança,1896.23
588,Salário,41590.39
589,Salário,12469.15
590,Salário,6508.59
591,Poupança,35766.36
592,Corrente,16322.9
593,Poupança,31235.93
594,Corrente,20054.1
595,Corrente,38884.8
596,Poupança,659.45
597,Poupança,32339.06
598,Salário,5226.87
599,Corrente,16837.23
600,Corrente,41308.93
601,Corrente,11576.86
602,Corrente,49558.68
603,Corrente,39064.18
604,Salário,17866.17
605,Corrente,35555.27
606,Corrente,9635.7
607,Salário,355.66
608,Corrente,16208.97
609,Corrente,38490.48
610,Corrente,10090.15
611,Poupança,45109.17
612,Poupança,10503.57
613,Salário,42780.7
614,Salário,31502.93
615,Salário,30472.98
616,Salário,37341.35
617,Corrente,44768.07
618,Salário,20877.53
619,Corrente,23504.15
620,Salário,46211.35
621,Corrente,42015.8
622,Salário,33985.43
623,Corrente,36677.5
624,Poupança,49785.69
625,Salário,28961.27
626,Poupança,8828.17
627,Corrente,48946.46
628,Poupança,31196.41
629,Salário,44586.05
630,Poupança,11853.13
631,Poupança,47471.66
632,Salário,621.85
633,Corrente,39147.58
634,Corrente,6513.54
635,Poupança,10472.2
636,Poupança,37999.96
637,Poupança,12307.95
638,Poupança,48725.86
639,Salário,20197.15
640,Salário,13307.83
641,Corrente,23359.21
642,Salário,42968.15
643,Poupança,12866.49
644,Salário,26059.44
645,Salário,17558.07
646,Poupança,34813.38
647,Corrente,49674.56
648,Poupança,19578.95
649,Poupança,45314.33
650,Poupança,24311.18
651,Salário,31147.03
652,Poupança,25975.8
653,Corrente,10892.8
654,Corrente,21944.96
655,Corrente,34985.22
656,Poupança,33041.53
657,Corrente,29855.46
658,Salário,7735.85
659,Salário,17660.06
660,Poupança,2929.7
661,Poupança,3204.77
662,Salário,4215.26
663,Poupança,18965.99
664,Poupança,1269.59
665,Salário,36112.09
666,Salário,30237.92
667,Corrente,7558.27
668,Poupança,10501.19
669,Poupança,3841.92
670,Corrente,7872.47
671,Poupança,24786.25
672,Salário,7919.56
673,Salário,49088.05
674,Corrente,14925.68
675,Salário,10183.86
676,Poupança,16650.56
677,Corrente,30213.13
678,Poupança,24905.46
679,Poupança,47856.77
680,Salário,28738.58
681,Corrente,4637.2
682,Poupança,33358.02
683,Corrente,11239.63
684,Salário,778.07
685,Poupança,12781.15
686,Poupança,33770.82
687,Salário,31025.02
688,Poupança,41419.72
689,Corrente,16271.39
690,Salário,980.71
691,Corrente,27619.95
692,Corrente,48032.05
693,Poupança,30534.09
694,Poupança,30415.53
695,Salário,47530.62
696,Corrente,46196.88
697,Corrente,20051.82
698,Corrente,25876.86
699,Corrente,21249.09
700,Corrente,25843.42
701,Poupança,47801.61
702,Poupança,16838.84
703,Poupança,13614.29
704,Corrente,9725.68
705,Salário,13441.27
706,Salário,19400.2
707,Poupança,16259.45
708,Salário,24519.98
709,Poupança,5261.52
710,Corrente,15346.98
711,Salário,1228.38
712,Corrente,12697.39
713,Salário,34594.61
714,Poupança,29534.14
715,Poupança,32998.02
716,Corrente,507.94
717,Poupança,27048.27
718,Salário,41361.57
719,Corrente,23313.63
720,Corrente,45698.04
721,Corrente,24105.16
722,Corrente,26561.89
723,Corrente,4688.34
724,Salário,36653.14
725,Salário,46357.75
726,Poupança,17697.46
727,Poupança,45671.41
728,Poupança,34885.65
729,Corrente,37550.66
730,Salário,10057.15
731,Salário,42099.63
732,Poupança,42445.1
733,Poupança,45412.64
734,Poupança,37577.14
735,Poupança,12887.69
736,Poupança,9962.25
737,Poupança,32421.51
738,Salário,28207.75
739,Corrente,214.59
740,Salário,37767.05
741,Poupança,9791.17
742,Salário,35860.49
743,Corrente,5149.26
744,Salário,1445.84
745,Salário,20780.29
746,Salário,1038.11
747,Corrente,29820.53
748,Salário,41337.77
749,Poupança,35761.85
750,Salário,35263.18
751,Poupança,49203.62
752,Corrente,34590.08
753,Poupança,14272.26
754,Poupança,8343.24
755,Salário,27737.09
756,Salário,21037.18
757,Salário,1114.85
758,Poupança,19249.94
759,Poupança,7456.04
760,Poupança,8149.96
761,Poupança,45493.42
762,Corrente,43902.39
763,Salário,41402.35
764,Poupança,45344.24
765,Corrente,12215.3
766,Corrente,23309.94
767,Salário,17000.93
768,Salário,946.28
769,Poupança,2723.37
770,Poupança,14663.61
771,Poupança,18605.8
772,Salário,7130.43
773,Corrente,29877.82
774,Salário,8721.2
775,Salário,28932.7
776,Salário,49685.82
777,Poupança,7942.96
778,Poupança,23160.41
779,Salário,40205.59
780,Salário,31086.25
781,Corrente,28560.84
782,Poupança,7282.3
783,Salário,46585.21
784,Corrente,22201.53
785,Corrente,20896.45
786,Poupança,38506.06
787,Corrente,8865.65
788,Poupança,33230.35
789,Poupança,42194.6
790,Salário,40003.37
791,Salário,17194.42
792,Corrente,44818.78
793,Corrente,19446.23
794,Salário,30501.9
795,Poupança,40056.7
796,Poupança,45499.66
797,Poupança,46191.47
798,Salário,5145.0
799,Salário,19739.22
800,Poupança,29275.71
801,Corrente,4981.68
802,Salário,25183.68
803,Salário,36819.66
804,Poupança,38632.27
805,Salário,32733.48
806,Poupança,16207.92
807,Corrente,3608.98
808,Salário,2959.97
809,Poupança,1806.87
810,Salário,2886.21
811,Salário,39444.27
812,Poupança,31375.84
813,Corrente,37994.55
814,Corrente,42900.6
815,Salário,35598.1
816,Corrente,2936.5
817,Poupança,46629.16
818,Salário,41063.34
819,Poupança,35237.26
820,Poupança,18533.0
821,Salário,32454.4
822,Salário,19838.0
823,Corrente,31725.03
824,Corrente,44314.53
825,Salário,38277.83
826,Salário,41852.64
827,Corrente,37517.23
828,Corrente,23519.83
829,Poupança,24689.96
830,Corrente,36255.54
831,Poupança,41130.62
832,Poupança,32047.11
833,Poupança,31319.4
834,Salário,38059.31
835,Poupança,14879.62
836,Salário,36944.28
837,Salário,37127.26
838,Corrente,44318.83
839,Corrente,46461.56
840,Salário,44314.09
841,Poupança,4741.16
842,Salário,2610.61
843,Corrente,22246.94
844,Poupança,40051.55
845,Corrente,49278.69
846,Salário,22375.12
847,Salário,26740.81
848,Salário,22188.97
849,Poupança,43459.47
850,Salário,45451.42
851,Corrente,21967.38
852,Corrente,3524.89
853,Salário,41622.29
854,Corrente,11389.41
855,Poupança,18838.99
856,Salário,15309.66
857,Corrente,20572.11
858,Salário,43309.01
859,Salário,24506.15
860,Corrente,24666.66
861,Corrente,3691.86
862,Poupança,45822.89
863,Salário,43131.21
864,Corrente,10039.44
865,Poupança,31454.35
866,Corrente,23748.63
867,Salário,31489.56
868,Salário,18908.38
869,Corrente,31852.57
870,Corrente,37768.01
871,Salário,7007.07
872,Poupança,23111.17
873,Poupança,39483.57
874,Corrente,31422.19
875,Poupança,35561.19
876,Poupança,21687.97
877,Poupança,11399.58
878,Poupança,15930.65
879,Corrente,48300.51
880,Salário,9535.36
881,Salário,32371.06
882,Poupança,31844.82
883,Salário,34579.03
884,Poupança,25672.27
885,Poupança,3177.41
886,Poupança,41537.84
887,Salário,26088.35
888,Salário,23271.54
889,Poupança,26165.98
890,Salário,24190.63
891,Corrente,8344.69
892,Salário,14860.59
893,Poupança,786.87
894,Poupança,41465.4
895,Corrente,33006.72
896,Corrente,15706.84
897,Salário,26530.96
898,Salário,8069.99
899,Poupança,34103.84
900,Poupança,10063.51
901,Poupança,17618.8
902,Poupança,48681.05
903,Salário,49237.34
904,Salário,15585.94
905,Poupança,44556.14
906,Salário,15216.11
907,Poupança,45712.78
908,Poupança,16505.42
909,Corrente,44954.2
910,Poupança,41558.43
911,Salário,7370.07
912,Salário,28282.34
913,Corrente,9618.22
914,Corrente,1229.51
915,Salário,31501.25
916,Salário,5319.45
917,Corrente,8577.73
918,Corrente,24741.44
919,Poupança,47619.49
920,Salário,7517.37
921,Poupança,2101.9
922,Poupança,32023.81
923,Poupança,21163.17
924,Salário,12747.17
925,Poupança,42200.72
926,Corrente,24872.3
927,Salário,12499.56
928,Corrente,22076.61
929,Poupança,29319.86
930,Salário,42016.15
931,Corrente,24926.36
932,Corrente,28103.57
933,Salário,37348.24
934,Salário,14665.61
935,Salário,21960.79
936,Poupança,22711.11
937,Salário,7960.59
938,Poupança,45143.36
939,Salário,3340.09
940,Corrente,3080.21
941,Poupança,32228.17
942,Poupança,32305.95
943,Poupança,6961.32
944,Salário,18133.34
945,Corrente,30357.77
946,Corrente,14486.64
947,Poupança,39020.63
948,Corrente,44492.72
949,Corrente,29233.09
950,Poupança,23124.93
951,Salário,16566.14
952,Salário,6363.34
953,Corrente,36775.62
954,Salário,32801.1
955,Salário,41228.92
956,Corrente,37843.61
957,Salário,46488.93
958,Salário,25795.1
959,Poupança,39686.36
960,Poupança,36054.0
961,Poupança,21135.61
962,Poupança,10072.78
963,Corrente,32383.39
964,Corrente,21564.28
965,Salário,10555.43
966,Corrente,45695.32
967,Salário,18638.68
968,Salário,33281.92
969,Poupança,40325.4
970,Corrente,39920.08
971,Salário,10000.41
972,Poupança,28410.85
973,Poupança,27190.76
974,Corrente,31616.66
975,Corrente,10544.06
976,Corrente,38207.12
977,Corrente,32602.04
978,Salário,25587.47
979,Salário,38710.89
980,Poupança,32960.92
981,Corrente,39689.91
982,Corrente,16327.23
983,Corrente,32692.08
984,Corrente,23374.57
985,Poupança,23637.56
986,Poupança,18535.95
987,Poupança,19282.52
988,Salário,46611.78
989,Corrente,31289.41
990,Poupança,3103.73
991,Poupança,10075.69
992,Salário,36660.08
993,Salário,23235.73
994,Salário,23013.09
995,Corrente,11235.79
996,Salário,12784.29
997,Poupança,15950.56
998,Poupança,43756.62
999,Poupança,779.91
1000,Salário,6519.24
1001,Salário,23609.05
1002,Salário,25125.88
1003,Corrente,32594.45
1004,Poupança,20487.88
1005,Poupança,18290.2
1006,Corrente,40836.25
1007,Poupança,17975.23
1008,Poupança,18383.9
1009,Poupança,26994.94
1010,Corrente,32954.81
1011,Poupança,9676.51
1012,Salário,40138.36
1013,Corrente,14340.43
1014,Corrente,7427.84
1015,Poupança,15003.27
1016,Salário,29044.86
1017,Corrente,46228.21
1018,Poupança,18119.48
1019,Corrente,27789.69
1020,Corrente,5640.82
1021,Salário,12607.65
1022,Corrente,1039.97
1023,Poupança,17284.67
1024,Poupança,18864.67
1025,Poupança,14334.39
1026,Salário,15462.68
1027,Salário,32190.02
1028,Poupança,28661.89
1029,Corrente,40528.03
1030,Salário,48798.54
1031,Poupança,31480.94
1032,Poupança,33563.17
1033,Corrente,14834.48
1034,Corrente,6382.89
1035,Corrente,23003.48
1036,Salário,20895.8
1037,Corrente,27958.96
1038,Poupança,35530.2
1039,Salário,18834.65
1040,Poupança,28921.67
1041,Poupança,31080.1
1042,Corrente,45008.36
1043,Corrente,11764.94
1044,Corrente,23400.26
1045,Salário,13221.22
1046,Salário,8733.03
1047,Corrente,6053.8
1048,Salário,11168.84
1049,Corrente,37941.21
1050,Corrente,1301.92
1051,Salário,10982.4
1052,Corrente,42096.7
1053,Poupança,1876.47
1054,Corrente,8272.87
1055,Poupança,9949.32
1056,Corrente,25462.69
1057,Salário,24837.78
1058,Poupança,30156.76
1059,Poupança,39355.33
1060,Poupança,27429.07
1061,Poupança,12619.12
1062,Poupança,41362.26
1063,Salário,27960.54
1064,Corrente,18126.79
1065,Corrente,29919.64
1066,Corrente,36520.51
1067,Salário,35880.06
1068,Poupança,42036.58
1069,Corrente,19291.45
1070,Poupança,13024.31
1071,Salário,36337.12
1072,Corrente,44662.02
1073,Salário,20169.83
1074,Poupança,2348.58
1075,Poupança,42542.87
1076,Corrente,22111.54
1077,Corrente,23198.55
1078,Poupança,19861.51
1079,Poupança,2803.45
1080,Salário,23146.82
1081,Salário,15184.52
1082,Poupança,4965.64
1083,Salário,18432.16
1084,Poupança,46219.65
1085,Poupança,29581.31
1086,Poupança,28526.94
1087,Salário,17215.64
1088,Poupança,7832.6
1089,Poupança,4835.82
1090,Poupança,42796.24
1091,Corrente,29455.6
1092,Poupança,21969.62
1093,Poupança,23601.75
1094,Poupança,45146.3
1095,Corrente,30702.83
1096,Corrente,12970.31
1097,Poupança,15202.71
1098,Salário,28370.96
1099,Salário,7604.92
1100,Corrente,34645.76
1101,Salário,18134.5
1102,Corrente,40407.73
1103,Poupança,17584.89
1104,Poupança,39551.62
1105,Poupança,20785.61
1106,Corrente,34871.22
1107,Corrente,33185.46
1108,Corrente,22311.6
1109,Poupança,43892.85
1110,Salário,20820.78
1111,Corrente,17782.02
1112,Corrente,3424.94
1113,Corrente,34191.63
1114,Corrente,46360.1
1115,Corrente,22337.69
1116,Salário,37604.27
1117,Poupança,28694.79
1118,Salário,15208.5
1119,Salário,43722.72
1120,Salário,20593.76
1121,Poupança,4993.26
1122,Corrente,36857.96
1123,Corrente,3841.7
1124,Poupança,48960.93
1125,Salário,2257.02
1126,Salário,38631.69
1127,Poupança,4732.39
1128,Salário,18358.13
1129,Poupança,3622.96
1130,Poupança,12406.16
1131,Corrente,42418.11
1132,Corrente,32102.64
1133,Corrente,23673.29
1134,Corrente,25348.94
1135,Poupança,7349.63
1136,Salário,19873.05
1137,Corrente,2395.84
1138,Salário,16057.72
1139,Corrente,29933.33
1140,Salário,29804.18
1141,Corrente,34120.44
1142,Corrente,39834.79
1143,Poupança,11046.11
1144,Salário,36930.34
1145,Corrente,13690.21
1146,Poupança,21553.01
1147,Poupança,7824.28
1148,Salário,2807.53
1149,Poupança,34691.29
1150,Poupança,5588.58
1151,Poupança,49024.08
1152,Poupança,10543.71
1153,Salário,19213.18
1154,Corrente,49562.46
1155,Corrente,32639.49
1156,Corrente,16890.53
1157,Corrente,16832.99
1158,Salário,47982.43
1159,Poupança,30490.25
1160,Corrente,33926.95
1161,Corrente,13533.17
1162,Salário,20878.17
1163,Corrente,9848.03
1164,Salário,4279.46
1165,Poupança,27079.71
1166,Corrente,23621.15
1167,Poupança,24910.02
1168,Salário,28918.41
1169,Salário,31019.62
1170,Poupança,25130.15
1171,Corrente,18336.64
1172,Poupança,29391.44
1173,Salário,36065.54
1174,Corrente,13518.11
1175,Corrente,40597.22
1176,Salário,43479.82
1177,Poupança,16139.1
1178,Salário,28767.58
1179,Salário,11886.09
1180,Poupança,16684.44
1181,Corrente,43611.47
1182,Salário,34598.73
1183,Corrente,8639.53
1184,Salário,514.9
1185,Salário,41517.54
1186,Poupança,13056.96
1187,Salário,17409.55
1188,Corrente,5375.74
1189,Poupança,24951.44
1190,Poupança,24602.78
1191,Corrente,35411.26
1192,Poupança,25818.51
1193,Poupança,28777.49
1194,Poupança,44649.27
1195,Poupança,43714.69
1196,Salário,3755.66
1197,Corrente,11852.97
1198,Corrente,48090.67
1199,Poupança,34393.08
1200,Corrente,30523.76
1201,Corrente,1596.75
1202,Poupança,6765.58
1203,Salário,15390.23
1204,Poupança,1412.81
1205,Salário,14183.32
1206,Corrente,9577.72
1207,Salário,19010.54
1208,Corrente,46242.83
1209,Poupança,35665.3
1210,Salário,39128.23
1211,Corrente,12870.75
1212,Poupança,10215.38
1213,Poupança,26245.37
1214,Poupança,12025.38
1215,Corrente,26477.07
1216,Poupança,21861.3
1217,Salário,10692.73
1218,Salário,16262.1
1219,Corrente,12626.72
1220,Corrente,42143.42
1221,Salário,15372.33
1222,Corrente,6785.18
1223,Corrente,18678.89
1224,Salário,21883.15
1225,Corrente,48584.91
1226,Corrente,6861.89
1227,Salário,13134.51
1228,Corrente,46268.23
1229,Corrente,14562.52
1230,Poupança,5242.84
1231,Salário,42049.96
1232,Corrente,27432.86
1233,Salário,33206.76
1234,Poupança,6810.72
1235,Corrente,35378.3
1236,Poupança,178.37
1237,Salário,7587.35
1238,Salário,6131.59
1239,Poupança,34721.85
1240,Poupança,36770.91
1241,Poupança,8988.44
1242,Corrente,17201.43
1243,Poupança,13010.56
1244,Corrente,49039.57
1245,Corrente,28355.91
1246,Poupança,25315.28
1247,Poupança,10804.64
1248,Poupança,48150.11
1249,Salário,46730.27
1250,Poupança,23225.73
1251,Poupança,26558.72
1252,Salário,33618.93
1253,Salário,3106.8
1254,Salário,46846.48
1255,Poupança,13135.37
1256,Corrente,42571.07
1257,Corrente,13135.58
1258,Corrente,31145.78
1259,Salário,32476.27
1260,Corrente,6706.04
1261,Salário,38459.75
1262,Corrente,43073.81
1263,Poupança,7800.46
1264,Poupança,40783.34
1265,Poupança,19188.68
1266,Poupança,530.95
1267,Corrente,34708.42
1268,Corrente,11115.41
1269,Salário,22128.57
1270,Salário,20542.08
1271,Corrente,625.16
1272,Poupança,17414.11
1273,Poupança,8089.99
1274,Poupança,49757.41
1275,Salário,20584.18
1276,Corrente,34058.46
1277,Salário,15690.88
1278,Corrente,11744.44
1279,Salário,7169.17
1280,Salário,3709.25
1281,Poupança,48056.32
1282,Poupança,46834.44
1283,Poupança,4361.79
1284,Corrente,14024.22
1285,Corrente,5704.98
1286,Poupança,15198.64
1287,Poupança,49376.41
1288,Corrente,42437.3
1289,Corrente,24741.32
1290,Corrente,19959.25
1291,Salário,25309.47
1292,Corrente,45219.67
1293,Corrente,39950.58
1294,Corrente,32134.66
1295,Salário,47690.89
1296,Salário,42354.18
1297,Poupança,1471.2
1298,Poupança,44748.71
1299,Corrente,35767.11
1300,Poupança,18689.35
1301,Salário,11020.67
1302,Corrente,21592.33
1303,Salário,10082.16
1304,Corrente,43309.37
1305,Corrente,18527.74
1306,Salário,10426.76
1307,Corrente,8002.39
1308,Poupança,35480.03
1309,Salário,37946.68
1310,Poupança,43973.83
1311,Poupança,7517.94
1312,Salário,39009.14
1313,Salário,21729.63
1314,Corrente,27514.95
1315,Corrente,23073.63
1316,Poupança,11985.49
1317,Poupança,20316.56
1318,Corrente,7498.19
1319,Corrente,31377.86
1320,Poupança,40118.22
1321,Poupança,37007.27
1322,Corrente,2204.52
1323,Corrente,48955.95
1324,Salário,13407.2
1325,Salário,21799.37
1326,Salário,24685.69
1327,Salário,20067.97
1328,Corrente,9749.02
1329,Salário,12772.45
1330,Poupança,12006.8
1331,Poupança,46375.93
1332,Corrente,24821.78
1333,Poupança,8783.02
1334,Corrente,26642.96
1335,Poupança,45809.52
1336,Corrente,39041.66
1337,Poupança,48978.07
1338,Salário,45044.52
1339,Corrente,39726.53
1340,Poupança,22418.59
1341,Corrente,484.42
1342,Corrente,36505.04
1343,Poupança,4383.79
1344,Salário,22848.57
1345,Corrente,38622.94
1346,Poupança,27393.89
1347,Salário,887.63
1348,Corrente,5993.21
1349,Salário,7937.19
1350,Salário,2623.75
1351,Poupança,15183.19
1352,Corrente,46063.44
1353,Corrente,28977.15
1354,Corrente,33372.24
1355,Poupança,28942.14
1356,Corrente,13288.83
1357,Corrente,10591.02
1358,Poupança,45312.05
1359,Poupança,22049.15
1360,Salário,47430.14
1361,Poupança,1249.06
1362,Salário,5381.62
1363,Salário,22860.46
1364,Salário,44273.77
1365,Corrente,20644.31
1366,Poupança,26869.82
1367,Poupança,6485.74
1368,Poupança,17275.64
1369,Poupança,2549.91
1370,Salário,39030.85
1371,Poupança,21431.16
1372,Poupança,31911.1
1373,Salário,20721.29
1374,Corrente,17306.09
1375,Corrente,47816.11
1376,Salário,33435.85
1377,Salário,2563.89
1378,Corrente,3022.31
1379,Poupança,24981.84
1380,Corrente,8430.15
1381,Corrente,33056.17
1382,Corrente,9279.96
1383,Poupança,14334.53
1384,Poupança,39969.11
1385,Corrente,33789.26
1386,Poupança,38332.78
1387,Salário,23187.63
1388,Corrente,7154.18
1389,Poupança,562.35
1390,Corrente,698.64
1391,Poupança,37229.92
1392,Salário,27857.85
1393,Corrente,14512.19
1394,Poupança,29467.61
1395,Poupança,10346.49
1396,Poupança,26680.36
1397,Corrente,43359.54
1398,Corrente,4196.05
1399,Corrente,24621.92
1400,Poupança,24223.79
1401,Corrente,22830.12
1402,Corrente,40799.86
1403,Poupança,25766.45
1404,Salário,12155.54
1405,Salário,31709.17
1406,Salário,32020.51
1407,Poupança,28764.26
1408,Salário,34022.88
1409,Salário,34772.92
1410,Poupança,29107.69
1411,Salário,35791.3
1412,Corrente,49289.25
1413,Poupança,27399.25
1414,Poupança,19033.57
1415,Corrente,4435.17
1416,Poupança,15725.05
1417,Corrente,9144.06
1418,Poupança,48110.54
1419,Poupança,35672.89
1420,Salário,919.68
1421,Corrente,47413.45
1422,Salário,48934.48
1423,Poupança,22806.02
1424,Salário,44879.2
1425,Corrente,4501.06
1426,Corrente,46117.23
1427,Poupança,44415.74
1428,Poupança,30041.29
1429,Poupança,19549.26
1430,Salário,4247.67
1431,Salário,522.18
1432,Salário,28237.54
1433,Corrente,29855.13
1434,Salário,29216.61
1435,Salário,19637.43
1436,Poupança,18425.7
1437,Poupança,22531.04
1438,Salário,45412.57
1439,Corrente,48090.55
1440,Salário,6482.02
1441,Poupança,3454.09
1442,Poupança,10805.03
1443,Corrente,37146.06
1444,Salário,12510.71
1445,Salário,2609.44
1446,Salário,34385.47
1447,Poupança,35547.47
1448,Corrente,27017.99
1449,Poupança,12829.19
1450,Corrente,16012.18
1451,Corrente,573.81
1452,Corrente,27822.87
1453,Corrente,35058.98
1454,Poupança,27179.46
1455,Corrente,28175.26
1456,Poupança,1431.46
1457,Corrente,43565.52
1458,Poupança,10024.18
1459,Salário,6582.39
1460,Salário,33770.76
1461,Salário,20747.07
1462,Salário,38713.63
1463,Poupança,34670.82
1464,Corrente,45996.46
1465,Corrente,27882.98
1466,Salário,37005.85
1467,Salário,2137.73
1468,Poupança,21245.14
1469,Poupança,42070.31
1470,Salário,44912.35
1471,Poupança,11666.95
1472,Poupança,35513.02
1473,Poupança,6792.85
1474,Poupança,48953.13
1475,Poupança,47299.18
1476,Poupança,37259.06
1477,Poupança,8532.56
1478,Salário,11072.79
1479,Corrente,931.3
1480,Corrente,25868.05
1481,Salário,7106.03
1482,Poupança,43116.0
1483,Poupança,8699.1
1484,Salário,37554.31
1485,Poupança,1925.63
1486,Poupança,32854.15
1487,Poupança,26763.83
1488,Corrente,40005.94
1489,Poupança,48035.28
1490,Poupança,46399.66
1491,Salário,163.42
1492,Corrente,9950.92
1493,Poupança,18063.47
1494,Salário,31297.18
1495,Corrente,46577.09
1496,Salário,8305.42
1497,Poupança,48548.12
1498,Salário,43357.93
1499,Corrente,47460.89
1500,Poupança,6801.2
1501,Poupança,3027.31
1502,Salário,47324.43
1503,Corrente,26305.35
1504,Corrente,39353.33
1505,Poupança,12501.6
1506,Salário,7307.02
1507,Poupança,26295.21
1508,Poupança,23125.81
1509,Corrente,22564.79
1510,Salário,28869.49
1511,Salário,3431.83
1512,Corrente,42629.21
1513,Salário,48648.32
1514,Poupança,6999.28
1515,Poupança,41170.03
1516,Corrente,27046.54
1517,Poupança,31976.86
1518,Corrente,13014.98
1519,Corrente,10787.57
1520,Corrente,9720.55
1521,Salário,27516.51
1522,Corrente,47240.58
1523,Salário,1384.22
1524,Salário,19150.19
1525,Corrente,18893.3
1526,Corrente,3506.83
1527,Poupança,9805.55
1528,Corrente,8623.91
1529,Poupança,23937.65
1530,Salário,28952.93
1531,Poupança,39351.31
1532,Salário,11109.96
1533,Corrente,31053.41
1534,Poupança,13451.17
1535,Poupança,20094.27
1536,Corrente,17859.01
1537,Corrente,44312.36
1538,Poupança,6909.89
1539,Salário,39267.19
1540,Salário,5513.53
1541,Poupança,477.02
1542,Corrente,48173.13
1543,Poupança,41705.87
1544,Corrente,31243.52
1545,Poupança,17472.11
1546,Poupança,17917.85
1547,Poupança,2571.88
1548,Poupança,43456.37
1549,Corrente,8976.22
1550,Corrente,33603.76
1551,Salário,30145.46
1552,Salário,8308.88
1553,Salário,27788.94
1554,Poupança,8820.44
1555,Salário,10763.38
1556,Salário,39890.9
1557,Poupança,47140.0
1558,Salário,13654.73
1559,Corrente,7364.56
1560,Corrente,14157.32
1561,Corrente,34613.2
1562,Corrente,20496.16
1563,Corrente,21105.7
1564,Salário,38179.76
1565,Salário,46860.0
1566,Salário,37099.18
1567,Salário,48569.33
1568,Poupança,31561.97
1569,Poupança,47920.13
1570,Poupança,49402.47
1571,Corrente,43560.38
1572,Poupança,3944.66
1573,Salário,1081.51
1574,Salário,26286.25
1575,Salário,42904.57
1576,Poupança,24579.24
1577,Corrente,43515.17
1578,Corrente,23723.35
1579,Corrente,8011.16
1580,Salário,34246.58
1581,Corrente,8071.92
1582,Poupança,36271.71
1583,Corrente,18795.3
1584,Salário,23658.94
1585,Salário,1226.82
1586,Corrente,37591.71
1587,Poupança,20367.87
1588,Salário,49694.31
1589,Salário,19364.38
1590,Salário,22439.07
1591,Corrente,26286.88
1592,Corrente,20517.54
1593,Poupança,49067.43
1594,Poupança,13016.73
1595,Corrente,33262.46
1596,Corrente,1271.46
1597,Corrente,30238.44
1598,Poupança,14473.52
1599,Corrente,46517.59
1600,Poupança,35778.29
1601,Salário,16301.54
1602,Corrente,40523.19
1603,Poupança,33314.24
1604,Corrente,13739.9
1605,Salário,35909.64
1606,Salário,19340.0
1607,Salário,24587.35
1608,Salário,27923.88
1609,Poupança,36173.8
1610,Poupança,43661.35
1611,Salário,29953.83
1612,Salário,25188.99
1613,Salário,19417.98
1614,Salário,31047.47
1615,Poupança,17849.51
1616,Corrente,48478.2
1617,Corrente,28531.56
1618,Poupança,20476.62
1619,Poupança,28598.44
1620,Corrente,45875.31
1621,Poupança,36052.55
1622,Poupança,37106.15
1623,Salário,40697.95
1624,Poupança,40522.88
1625,Poupança,41602.9
1626,Salário,28598.85
1627,Corrente,47752.16
1628,Poupança,47248.2
1629,Poupança,11578.71
1630,Corrente,49315.33
1631,Poupança,38289.7
1632,Poupança,38536.25
1633,Poupança,18488.41
1634,Corrente,42820.63
1635,Salário,41763.72
1636,Poupança,29530.0
1637,Poupança,42392.24
1638,Poupança,1453.57
1639,Corrente,44529.96
1640,Corrente,18549.36
1641,Corrente,11223.97
1642,Poupança,9929.17
1643,Poupança,155.69
1644,Salário,12725.7
1645,Corrente,32610.66
1646,Poupança,15006.2
1647,Corrente,1286.95
1648,Corrente,44861.04
1649,Salário,11180.34
1650,Poupança,49895.61
1651,Poupança,4519.46
1652,Poupança,31448.93
1653,Salário,46450.11
1654,Poupança,556.49
1655,Salário,36952.76
1656,Corrente,9239.05
1657,Corrente,42593.39
1658,Poupança,10179.98
1659,Corrente,21871.7
1660,Salário,23187.28
1661,Salário,37318.77
1662,Corrente,29619.03
1663,Corrente,2292.6
1664,Poupança,49829.23
1665,Corrente,36737.9
1666,Salário,14173.92
1667,Salário,11202.95
1668,Poupança,931.59
1669,Poupança,836.6
1670,Salário,29090.14
1671,Corrente,18966.66
1672,Poupança,24282.12
1673,Salário,18510.79
1674,Corrente,10716.52
1675,Poupança,19650.16
1676,Salário,33007.09
1677,Poupança,47151.92
1678,Poupança,42086.52
1679,Corrente,46217.62
1680,Corrente,22078.46
1681,Salário,23235.77
1682,Corrente,30100.27
1683,Salário,43970.68
1684,Salário,16006.95
1685,Poupança,40620.68
1686,Salário,6304.41
1687,Salário,24290.48
1688,Corrente,36762.78
1689,Salário,29757.1
1690,Salário,12451.02
1691,Poupança,14150.65
1692,Corrente,10006.49
1693,Salário,38848.27
1694,Salário,25478.97
1695,Poupança,42925.25
1696,Salário,44542.03
1697,Poupança,39164.67
1698,Corrente,24139.68
1699,Salário,38785.41
1700,Salário,26562.39
1701,Salário,44436.83
1702,Corrente,13304.28
1703,Poupança,5859.03
1704,Poupança,49415.51
1705,Poupança,45960.12
1706,Salário,38357.63
1707,Poupança,48492.27
1708,Corrente,10127.21
1709,Salário,25605.33
1710,Salário,6152.4
1711,Salário,19639.24
1712,Poupança,47072.61
1713,Poupança,4157.17
1714,Corrente,30724.02
1715,Salário,4777.14
1716,Corrente,10176.44
1717,Corrente,4408.5
1718,Poupança,4157.94
1719,Corrente,35266.44
1720,Poupança,32340.37
1721,Poupança,8020.57
1722,Poupança,27728.75
1723,Poupança,41951.03
1724,Salário,37462.24
1725,Poupança,19714.33
1726,Poupança,23142.44
1727,Corrente,6828.37
1728,Poupança,2728.76
1729,Salário,31200.42
1730,Corrente,22217.27
1731,Poupança,47581.67
1732,Poupança,19390.96
1733,Salário,30315.76
1734,Poupança,31921.48
1735,Corrente,11289.22
1736,Salário,1646.79
1737,Corrente,44085.94
1738,Salário,11109.86
1739,Corrente,37570.38
1740,Salário,2074.54
1741,Corrente,29430.26
1742,Poupança,22253.82
1743,Poupança,16360.17
1744,Poupança,30259.38
1745,Poupança,42382.7
1746,Corrente,37812.28
1747,Corrente,47080.93
1748,Poupança,43364.13
1749,Salário,6676.24
1750,Poupança,11568.38
1751,Poupança,30461.77
1752,Corrente,25636.44
1753,Poupança,4132.77
1754,Salário,38066.53
1755,Corrente,12491.57
1756,Poupança,29620.66
1757,Salário,41794.02
1758,Salário,38910.01
1759,Corrente,32813.64
1760,Salário,33276.96
1761,Salário,7931.54
1762,Corrente,5173.76
1763,Salário,8509.3
1764,Salário,9003.03
1765,Poupança,44012.54
1766,Poupança,19867.26
1767,Corrente,28458.63
1768,Poupança,2497.6
1769,Salário,41161.75
1770,Poupança,27159.15
1771,Poupança,18858.94
1772,Salário,7304.07
1773,Poupança,11536.59
1774,Corrente,39842.05
1775,Corrente,1680.76
1776,Corrente,9195.07
1777,Salário,38529.98
1778,Poupança,27880.63
1779,Salário,44537.29
1780,Poupança,21716.51
1781,Corrente,11778.97
1782,Salário,18567.4
1783,Corrente,45217.5
1784,Corrente,1939.2
1785,Corrente,47272.7
1786,Corrente,30469.22
1787,Salário,7567.66
1788,Poupança,16392.56
1789,Salário,22482.27
1790,Poupança,34640.55
1791,Corrente,29987.51
1792,Corrente,24895.91
1793,Poupança,24492.96
1794,Corrente,15779.69
1795,Corrente,14380.78
1796,Corrente,965.86
1797,Poupança,47811.75
1798,Poupança,38492.33
1799,Poupança,40779.74
1800,Salário,17372.39
1801,Corrente,20595.27
1802,Corrente,2664.98
1803,Corrente,3852.08
1804,Poupança,716.71
1805,Poupança,5639.42
1806,Corrente,20928.07
1807,Corrente,18195.06
1808,Poupança,37205.26
1809,Corrente,44222.81
1810,Salário,29042.51
1811,Corrente,39438.78
1812,Poupança,16429.25
1813,Salário,20499.21
1814,Salário,24200.08
1815,Corrente,41363.65
1816,Poupança,30825.04
1817,Poupança,39133.0
1818,Poupança,23815.96
1819,Poupança,20595.11
1820,Corrente,23151.47
1821,Salário,19002.24
1822,Salário,9107.32
1823,Poupança,34301.97
1824,Salário,34195.07
1825,Salário,17850.75
1826,Corrente,6776.21
1827,Salário,34672.45
1828,Salário,46857.82
1829,Poupança,38163.76
1830,Poupança,33289.35
1831,Poupança,11472.03
1832,Salário,10387.26
1833,Corrente,39936.53
1834,Salário,42229.68
1835,Poupança,7535.68
1836,Corrente,19922.88
1837,Poupança,16810.0
1838,Salário,2864.28
1839,Salário,11033.47
1840,Poupança,1832.49
1841,Poupança,20032.91
1842,Corrente,41797.39
1843,Salário,12826.62
1844,Salário,2678.68
1845,Corrente,21369.12
1846,Poupança,13422.25
1847,Corrente,4052.71
1848,Corrente,20979.54
1849,Poupança,15994.64
1850,Poupança,34226.46
1851,Poupança,21891.37
1852,Corrente,41025.16
1853,Corrente,12448.38
1854,Salário,20653.21
1855,Poupança,42629.41
1856,Poupança,12524.42
1857,Poupança,14976.67
1858,Salário,6969.62
1859,Salário,24575.03
1860,Poupança,9675.1
1861,Poupança,21119.37
1862,Salário,7192.9
1863,Poupança,12616.08
1864,Poupança,48040.99
1865,Salário,31277.78
1866,Poupança,5029.01
1867,Poupança,11271.96
1868,Corrente,37448.58
1869,Poupança,47604.05
1870,Salário,16333.59
1871,Corrente,40466.33
1872,Salário,45356.41
1873,Salário,19758.79
1874,Salário,44771.01
1875,Corrente,42684.6
1876,Corrente,43269.27
1877,Salário,21821.68
1878,Corrente,14206.42
1879,Salário,44247.11
1880,Salário,22065.81
1881,Salário,34223.37
1882,Corrente,43067.99
1883,Salário,37358.33
1884,Salário,43735.14
1885,Salário,43854.67
1886,Salário,32607.13
1887,Corrente,46728.48
1888,Corrente,44145.43
1889,Corrente,8104.88
1890,Poupança,47435.03
1891,Corrente,33909.6
1892,Salário,48501.79
1893,Corrente,32860.67
1894,Salário,9907.33
1895,Salário,15038.23
1896,Salário,38948.96
1897,Salário,12247.85
1898,Salário,21720.14
1899,Corrente,30225.24
1900,Corrente,46686.47
1901,Salário,12167.41
1902,Salário,34136.62
1903,Salário,43508.61
1904,Corrente,20999.92
1905,Corrente,1448.3
1906,Corrente,47547.23
1907,Poupança,1259.88
1908,Poupança,8837.61
1909,Poupança,24176.39
1910,Corrente,33883.7
1911,Salário,26203.71
1912,Salário,16370.74
1913,Corrente,30613.69
1914,Corrente,46686.63
1915,Poupança,46520.61
1916,Corrente,37260.15
1917,Salário,34476.75
1918,Corrente,26921.71
1919,Corrente,40577.75
1920,Corrente,27808.09
1921,Poupança,49985.09
1922,Corrente,37891.47
1923,Salário,2697.7
1924,Salário,13655.92
1925,Salário,49011.23
1926,Salário,1351.0
1927,Poupança,36706.46
1928,Poupança,17567.85
1929,Salário,15712.37
1930,Salário,43506.48
1931,Corrente,45422.52
1932,Corrente,22258.96
1933,Poupança,18608.79
1934,Salário,39136.35
1935,Poupança,26355.84
1936,Salário,4541.89
1937,Corrente,14491.42
1938,Poupança,30683.15
1939,Salário,12262.13
1940,Salário,46216.49
1941,Poupança,45246.77
1942,Poupança,29767.75
1943,Corrente,8228.53
1944,Corrente,6931.46
1945,Poupança,37265.12
1946,Corrente,4854.71
1947,Corrente,29229.97
1948,Poupança,24734.87
1949,Salário,1154.18
1950,Corrente,11093.67
1951,Corrente,2518.33
1952,Salário,34389.14
1953,Salário,26660.0
1954,Corrente,35464.73
1955,Salário,37729.36
1956,Salário,35147.58
1957,Poupança,6683.32
1958,Corrente,6029.45
1959,Salário,20922.86
1960,Corrente,42460.37
1961,Poupança,2217.82
1962,Corrente,25966.67
1963,Salário,37997.69
1964,Corrente,44194.01
1965,Salário,18248.07
1966,Poupança,39751.36
1967,Corrente,39117.15
1968,Poupança,3469.81
1969,Poupança,19705.98
1970,Poupança,39941.32
1971,Salário,34933.02
1972,Salário,13144.29
1973,Corrente,10673.2
1974,Corrente,46253.26
1975,Salário,4718.38
1976,Salário,13324.17
1977,Salário,16048.56
1978,Salário,23192.28
1979,Poupança,36036.65
1980,Poupança,45481.87
1981,Poupança,41009.86
1982,Salário,39149.46
1983,Corrente,1184.2
1984,Salário,39916.78
1985,Corrente,24686.68
1986,Poupança,10456.28
1987,Salário,40385.88
1988,Salário,11040.31
1989,Poupança,19372.55
1990,Corrente,35361.83
1991,Poupança,40071.47
1992,Poupança,43154.33
1993,Salário,36084.51
1994,Poupança,33724.3
1995,Salário,44747.73
1996,Corrente,1886.24
1997,Poupança,5176.03
1998,Poupança,38622.14
1999,Poupança,18082.55
2000,Corrente,36637.92
2001,Poupança,49087.71
2002,Poupança,43876.87
2003,Poupança,36772.06
2004,Salário,1301.72
2005,Corrente,5987.86
2006,Poupança,2105.73
2007,Salário,17986.64
2008,Corrente,23889.61
2009,Corrente,22223.32
2010,Salário,34471.29
2011,Corrente,40864.42
2012,Salário,47779.93
2013,Corrente,45049.95
2014,Poupança,31762.53
2015,Salário,18466.84
2016,Corrente,12635.94
2017,Poupança,4805.03
2018,Salário,31256.17
2019,Corrente,17329.35
2020,Salário,48029.77
2021,Corrente,48925.5
2022,Corrente,31687.86
2023,Poupança,39253.98
2024,Poupança,27246.19
2025,Corrente,28744.69
2026,Corrente,37036.6
2027,Poupança,37466.74
2028,Corrente,22645.24
2029,Poupança,8141.34
2030,Salário,37453.95
2031,Corrente,40936.13
2032,Poupança,32361.13
2033,Corrente,45520.34
2034,Salário,31409.78
2035,Poupança,29188.37
2036,Corrente,38683.54
2037,Corrente,35107.87
2038,Corrente,48903.18
2039,Poupança,41205.77
2040,Poupança,36165.38
2041,Salário,2229.74
2042,Salário,22685.03
2043,Poupança,28758.06
2044,Salário,7619.91
2045,Poupança,7636.29
2046,Salário,21999.95
2047,Salário,28707.67
2048,Corrente,4444.18
2049,Corrente,3106.76
2050,Corrente,37063.08
2051,Corrente,19092.95
2052,Poupança,2956.29
2053,Poupança,31289.86
2054,Corrente,8377.18
2055,Corrente,44950.59
2056,Poupança,32265.2
2057,Salário,25390.39
2058,Salário,34063.31
2059,Salário,28773.61
2060,Poupança,39535.23
2061,Corrente,23616.52
2062,Salário,36201.97
2063,Poupança,7001.74
2064,Corrente,35986.34
2065,Corrente,16210.96
2066,Corrente,16283.83
2067,Salário,46902.47
2068,Corrente,37914.36
2069,Poupança,8221.77
2070,Corrente,27314.7
2071,Poupança,17461.55
2072,Poupança,18746.0
2073,Corrente,15793.57
2074,Poupança,48235.07
2075,Poupança,40464.35
2076,Poupança,1549.97
2077,Salário,22590.31
2078,Salário,24941.27
2079,Poupança,12443.61
2080,Corrente,29370.67
2081,Poupança,43707.82
2082,Corrente,40771.72
2083,Corrente,18435.48
2084,Corrente,3676.91
2085,Corrente,26816.46
2086,Poupança,8433.52
2087,Salário,15499.72
2088,Salário,48332.62
2089,Salário,33933.91
2090,Salário,45653.05
2091,Salário,40886.76
2092,Salário,30385.99
2093,Poupança,18588.03
2094,Salário,8009.74
2095,Corrente,44423.46
2096,Corrente,36922.49
2097,Salário,3109.91
2098,Poupança,23625.54
2099,Poupança,44616.55
2100,Poupança,28746.38
2101,Corrente,5503.57
2102,Corrente,8407.39
2103,Poupança,48751.64
2104,Poupança,2380.17
2105,Salário,19872.77
2106,Poupança,6836.12
2107,Poupança,24609.86
2108,Corrente,5101.18
2109,Poupança,49855.92
2110,Poupança,8828.64
2111,Corrente,39220.59
2112,Poupança,14636.92
2113,Poupança,34421.87
2114,Corrente,47620.78
2115,Corrente,37591.4
2116,Poupança,46652.32
2117,Corrente,33918.0
2118,Poupança,9480.2
2119,Salário,6754.66
2120,Salário,6849.1
2121,Corrente,7996.13
2122,Corrente,47316.74
2123,Poupança,33886.33
2124,Poupança,20315.99
2125,Corrente,16986.42
2126,Salário,31434.82
2127,Corrente,23275.9
2128,Salário,14463.54
2129,Salário,30171.82
2130,Salário,31876.33
2131,Corrente,38021.96
2132,Poupança,18396.91
2133,Salário,40455.36
2134,Corrente,43332.08
2135,Salário,41100.13
2136,Poupança,10439.82
2137,Salário,12457.67
2138,Salário,47857.04
2139,Poupança,22961.06
2140,Poupança,15500.65
2141,Poupança,40774.04
2142,Corrente,7062.21
2143,Salário,29994.02
2144,Salário,38367.52
2145,Poupança,21625.94
2146,Corrente,48839.96
2147,Corrente,22291.81
2148,Poupança,43576.1
2149,Corrente,32436.61
2150,Corrente,47547.18
2151,Salário,31640.38
2152,Salário,36638.93
2153,Corrente,47900.05
2154,Salário,28929.88
2155,Corrente,35516.14
2156,Corrente,23745.98
2157,Corrente,21410.76
2158,Salário,37738.53
2159,Salário,30496.96
2160,Corrente,4375.91
2161,Salário,12094.4
2162,Poupança,48640.92
2163,Corrente,1506.4
2164,Salário,12913.96
2165,Corrente,10882.54
2166,Poupança,22394.9
2167,Corrente,21482.98
2168,Corrente,31371.8
2169,Corrente,28382.03
2170,Poupança,45923.39
2171,Corrente,46223.64
2172,Poupança,49259.2
2173,Poupança,25343.16
2174,Poupança,48374.2
2175,Poupança,37791.08
2176,Salário,29949.11
2177,Poupança,22093.61
2178,Salário,32419.87
2179,Poupança,33836.57
2180,Corrente,19167.55
2181,Salário,15588.09
2182,Poupança,11137.15
2183,Poupança,2693.0
2184,Poupança,47430.91
2185,Salário,43775.94
2186,Corrente,7681.57
2187,Salário,14591.79
2188,Poupança,5123.15
2189,Corrente,14537.5
2190,Corrente,18950.84
2191,Salário,18424.14
2192,Salário,23858.69
2193,Poupança,12210.09
2194,Salário,31106.08
2195,Salário,12373.5
2196,Salário,23603.95
2197,Corrente,38609.36
2198,Poupança,8533.79
2199,Corrente,47770.76
2200,Poupança,887.31
2201,Poupança,17456.62
2202,Corrente,264.84
2203,Corrente,38762.43
2204,Poupança,23485.26
2205,Corrente,46959.99
2206,Corrente,13207.35
2207,Salário,15654.67
2208,Poupança,4780.12
2209,Corrente,14569.55
2210,Poupança,37047.76
2211,Salário,32787.9
2212,Salário,30701.47
2213,Poupança,46362.88
2214,Corrente,34496.5
2215,Corrente,8856.36
2216,Poupança,48011.66
2217,Salário,5445.25
2218,Corrente,32010.47
2219,Poupança,9746.77
2220,Salário,36214.88
2221,Poupança,30537.81
2222,Corrente,10975.36
2223,Poupança,1525.75
2224,Corrente,37982.54
2225,Poupança,12256.4
2226,Poupança,21090.65
2227,Corrente,45845.59
2228,Salário,16274.92
2229,Poupança,43536.81
2230,Corrente,13730.86
2231,Salário,45395.46
2232,Corrente,41357.01
2233,Salário,40624.84
2234,Poupança,8086.85
2235,Salário,18840.89
2236,Salário,33990.03
2237,Corrente,12000.08
2238,Corrente,42855.57
2239,Corrente,3172.81
2240,Poupança,11913.44
2241,Poupança,49235.13
2242,Corrente,17290.8
2243,Poupança,21964.04
2244,Salário,12825.63
2245,Corrente,11048.48
2246,Corrente,30300.45
2247,Corrente,27256.09
2248,Poupança,47627.66
2249,Poupança,33976.02
2250,Salário,25579.74
2251,Corrente,20746.02
2252,Corrente,13289.68
2253,Salário,5382.03
2254,Corrente,23209.89
2255,Poupança,8465.26
2256,Salário,14317.86
2257,Corrente,32372.49
2258,Salário,16805.02
2259,Salário,4937.15
2260,Salário,41939.57
2261,Salário,13764.41
2262,Corrente,40028.9
2263,Salário,42578.47
2264,Poupança,6104.55
2265,Corrente,28795.67
2266,Corrente,13894.54
2267,Salário,42323.29
2268,Corrente,15890.25
2269,Salário,31665.26
2270,Poupança,10623.88
2271,Corrente,733.68
2272,Corrente,14963.4
2273,Corrente,10308.64
2274,Salário,29767.59
2275,Salário,12287.18
2276,Poupança,39812.94
2277,Corrente,37545.19
2278,Corrente,45795.12
2279,Salário,41714.57
2280,Salário,43964.36
2281,Salário,41966.2
2282,Salário,15545.51
2283,Poupança,29692.81
2284,Poupança,21655.87
2285,Salário,41566.0
2286,Corrente,14503.79
2287,Poupança,29037.72
2288,Poupança,510.07
2289,Salário,16671.91
2290,Salário,27180.13
2291,Corrente,49329.4
2292,Poupança,27968.51
2293,Corrente,42962.38
2294,Poupança,16907.09
2295,Corrente,19986.6
2296,Corrente,42531.31
2297,Corrente,23217.37
2298,Salário,48505.0
2299,Poupança,12266.78
2300,Corrente,11172.42
2301,Salário,22731.85
2302,Corrente,11840.14
2303,Salário,39976.64
2304,Corrente,29772.87
2305,Corrente,1441.7
2306,Poupança,27129.13
2307,Poupança,39824.81
2308,Corrente,1802.93
2309,Poupança,4376.28
2310,Corrente,5474.12
2311,Corrente,13260.77
2312,Salário,27124.26
2313,Poupança,6725.26
2314,Salário,23056.76
2315,Poupança,11911.64
2316,Salário,32935.13
2317,Salário,3381.51
2318,Poupança,44981.91
2319,Salário,43431.77
2320,Salário,6224.43
2321,Corrente,14079.56
2322,Corrente,2019.93
2323,Corrente,4676.4
2324,Poupança,30439.78
2325,Poupança,754.12
2326,Salário,37067.92
2327,Poupança,7339.0
2328,Poupança,28406.06
2329,Poupança,31147.59
2330,Salário,36282.24
2331,Poupança,39426.49
2332,Salário,20295.61
2333,Poupança,18628.18
2334,Salário,6210.44
2335,Poupança,6167.57
2336,Corrente,16820.53
2337,Corrente,43777.07
2338,Poupança,20462.23
2339,Corrente,47879.4
2340,Corrente,27449.99
2341,Corrente,16034.99
2342,Poupança,14519.49
2343,Salário,34263.97
2344,Corrente,27573.9
2345,Salário,9849.3
2346,Salário,45635.03
2347,Salário,21035.11
2348,Salário,24765.07
2349,Corrente,30670.18
2350,Corrente,13888.32
2351,Poupança,18370.06
2352,Salário,21448.42
2353,Salário,7817.47
2354,Poupança,47574.73
2355,Corrente,21868.54
2356,Salário,31287.72
2357,Salário,20070.51
2358,Salário,49769.78
2359,Salário,30035.44
2360,Corrente,33179.31
2361,Poupança,110.82
2362,Poupança,3772.97
2363,Salário,2457.39
2364,Salário,20298.47
2365,Salário,31663.93
2366,Corrente,8382.69
2367,Poupança,25671.36
2368,Corrente,49011.8
2369,Corrente,17559.13
2370,Corrente,15213.26
2371,Poupança,49584.84
2372,Poupança,32427.21
2373,Salário,6972.18
2374,Salário,16421.93
2375,Corrente,194.21
2376,Corrente,48995.95
2377,Poupança,47437.03
2378,Poupança,34094.62
2379,Salário,7218.34
2380,Corrente,35478.95
2381,Poupança,22268.44
2382,Corrente,29620.94
2383,Salário,15070.93
2384,Corrente,4743.38
2385,Poupança,11767.52
2386,Salário,47821.33
2387,Poupança,3701.97
2388,Poupança,17759.97
2389,Salário,28736.29
2390,Poupança,31309.35
2391,Salário,32814.59
2392,Poupança,47191.31
2393,Poupança,7943.15
2394,Corrente,17283.43
2395,Poupança,3261.24
2396,Corrente,42796.76
2397,Salário,13483.79
2398,Salário,20250.54
2399,Salário,35053.07
2400,Salário,42283.73
2401,Salário,28780.5
2402,Corrente,27105.46
2403,Salário,40792.65
2404,Corrente,11730.95
2405,Salário,3093.07
2406,Corrente,29304.99
2407,Corrente,13098.94
2408,Poupança,22325.18
2409,Corrente,22511.33
2410,Salário,32117.28
2411,Poupança,38878.38
2412,Poupança,41610.13
2413,Corrente,40633.47
2414,Salário,32228.75
2415,Corrente,47790.31
2416,Salário,34655.85
2417,Corrente,8613.03
2418,Poupança,30635.01
2419,Salário,15845.53
2420,Corrente,39704.23
2421,Poupança,22391.11
2422,Poupança,13512.9
2423,Salário,11128.24
2424,Poupança,36959.15
2425,Salário,5936.03
2426,Corrente,13625.64
2427,Salário,3787.72
2428,Corrente,4998.12
2429,Corrente,32496.54
2430,Corrente,4648.64
2431,Poupança,22742.55
2432,Poupança,15787.28
2433,Salário,27457.93
2434,Corrente,18371.43
2435,Salário,16965.13
2436,Poupança,1434.73
2437,Corrente,44209.39
2438,Corrente,30928.19
2439,Salário,23495.65
2440,Salário,6982.64
2441,Salário,7949.81
2442,Salário,45582.83
2443,Corrente,15195.93
2444,Poupança,13775.84
2445,Corrente,16529.68
2446,Salário,49981.11
2447,Corrente,37409.93
2448,Salário,24575.78
2449,Corrente,18228.32
2450,Poupança,32345.92
2451,Poupança,4062.94
2452,Salário,33854.89
2453,Salário,17136.63
2454,Corrente,32215.42
2455,Corrente,15101.4
2456,Poupança,17558.81
2457,Corrente,304.65
2458,Poupança,26780.76
2459,Poupança,38076.37
2460,Salário,43709.17
2461,Salário,45574.24
2462,Poupança,3845.83
2463,Corrente,11613.42
2464,Poupança,36136.44
2465,Salário,20251.19
2466,Corrente,5432.39
2467,Corrente,5582.46
2468,Poupança,7464.78
2469,Corrente,31600.97
2470,Poupança,21228.11
2471,Poupança,40393.88
2472,Salário,25145.25
2473,Corrente,38003.41
2474,Salário,584.99
2475,Corrente,6659.17
2476,Salário,34333.98
2477,Corrente,23612.5
2478,Poupança,6013.53
2479,Salário,13520.25
2480,Salário,27778.1
2481,Salário,29440.74
2482,Salário,33046.29
2483,Corrente,27463.45
2484,Salário,12579.81
2485,Poupança,10120.44
2486,Poupança,34904.2
2487,Corrente,13097.66
2488,Salário,47532.29
2489,Salário,41564.64
2490,Corrente,33004.86
2491,Salário,36908.54
2492,Corrente,6783.2
2493,Poupança,3815.8
2494,Corrente,10355.52
2495,Corrente,41446.99
2496,Poupança,49721.53
2497,Salário,7178.46
2498,Poupança,19647.36
2499,Corrente,32343.82
2500,Corrente,15192.1
2501,Corrente,20666.42
2502,Poupança,18242.57
2503,Salário,10106.45
2504,Salário,18899.01
2505,Salário,13117.95
2506,Corrente,47502.43
2507,Poupança,36283.17
2508,Corrente,2536.27
2509,Corrente,27627.85
2510,Salário,12415.61
2511,Poupança,35405.97
2512,Poupança,45202.35
2513,Poupança,45850.9
2514,Corrente,10809.9
2515,Poupança,16046.87
2516,Corrente,26120.23
2517,Corrente,35585.17
2518,Poupança,44573.78
2519,Salário,35431.68
2520,Poupança,48204.31
2521,Corrente,42623.58
2522,Salário,9189.79
2523,Poupança,37878.55
2524,Poupança,11763.1
2525,Poupança,572.56
2526,Corrente,7123.11
2527,Corrente,18080.07
2528,Corrente,29778.77
2529,Poupança,16446.25
2530,Salário,11876.52
2531,Salário,47992.09
2532,Corrente,41525.77
2533,Poupança,23949.44
2534,Corrente,25011.79
2535,Corrente,23866.66
2536,Poupança,18909.89
2537,Poupança,22568.8
2538,Corrente,21979.87
2539,Poupança,35218.43
2540,Poupança,23200.44
2541,Poupança,47092.54
2542,Corrente,5474.96
2543,Salário,49810.36
2544,Salário,1006.93
2545,Poupança,20911.7
2546,Poupança,4925.5
2547,Salário,31241.09
2548,Corrente,23232.36
2549,Salário,46201.87
2550,Poupança,45247.06
2551,Salário,40175.92
2552,Salário,35077.78
2553,Corrente,7497.49
2554,Corrente,43392.79
2555,Salário,13906.25
2556,Salário,13091.41
2557,Poupança,33818.62
2558,Corrente,36794.56
2559,Salário,18159.89
2560,Corrente,28758.02
2561,Salário,9840.43
2562,Salário,15640.86
2563,Poupança,4013.66
2564,Corrente,9641.61
2565,Corrente,12727.52
2566,Poupança,49283.33
2567,Poupança,2104.98
2568,Poupança,23378.01
2569,Salário,2338.66
2570,Poupança,4375.21
2571,Salário,2986.96
2572,Salário,32576.66
2573,Salário,29119.38
2574,Poupança,11481.01
2575,Corrente,20065.89
2576,Poupança,10828.91
2577,Corrente,49594.07
2578,Poupança,25127.94
2579,Salário,19092.26
2580,Salário,23891.41
2581,Corrente,38580.05
2582,Salário,41874.63
2583,Poupança,36594.42
2584,Salário,38020.84
2585,Poupança,48540.11
2586,Poupança,3162.58
2587,Salário,23792.38
2588,Salário,6429.1
2589,Salário,35146.34
2590,Salário,22851.32
2591,Corrente,38574.96
2592,Poupança,49790.03
2593,Salário,36344.09
2594,Poupança,13602.75
2595,Poupança,29153.99
2596,Poupança,8235.36
2597,Salário,40242.14
2598,Poupança,14428.96
2599,Salário,19978.35
2600,Salário,15222.78
2601,Salário,48583.73
2602,Salário,20042.81
2603,Corrente,2594.89
2604,Poupança,49712.47
2605,Poupança,30139.85
2606,Poupança,25723.73
2607,Corrente,30794.57
2608,Poupança,22603.87
2609,Poupança,26441.92
2610,Corrente,41928.78
2611,Poupança,18217.94
2612,Salário,21988.11
2613,Salário,27159.13
2614,Poupança,37122.43
2615,Corrente,8586.05
2616,Salário,6213.16
2617,Salário,31482.9
2618,Salário,41916.94
2619,Poupança,16708.43
2620,Salário,36610.34
2621,Salário,29805.21
2622,Salário,25130.43
2623,Corrente,45911.13
2624,Salário,25033.45
2625,Poupança,40378.86
2626,Corrente,17749.38
2627,Salário,38882.54
2628,Poupança,15079.95
2629,Poupança,34554.6
2630,Corrente,1156.09
2631,Salário,13871.83
2632,Poupança,7520.82
2633,Corrente,37616.13
2634,Salário,1774.64
2635,Corrente,49094.4
2636,Corrente,5096.58
2637,Salário,46952.41
2638,Salário,45756.71
2639,Corrente,3014.51
2640,Poupança,24308.12
2641,Poupança,39980.0
2642,Salário,21977.28
2643,Poupança,5663.09
2644,Salário,25024.39
2645,Salário,37965.79
2646,Poupança,15542.59
2647,Salário,28397.59
2648,Corrente,9282.64
2649,Salário,2438.89
2650,Salário,45536.29
2651,Poupança,44241.55
2652,Corrente,46513.78
2653,Poupança,27505.65
2654,Salário,27724.86
2655,Poupança,2530.56
2656,Corrente,37681.04
2657,Corrente,47538.49
2658,Poupança,40992.22
2659,Salário,6634.46
2660,Salário,33744.89
2661,Salário,43357.86
2662,Salário,27085.19
2663,Corrente,22451.85
2664,Poupança,45109.23
2665,Poupança,37799.46
2666,Salário,11792.05
2667,Poupança,26002.28
2668,Corrente,41234.5
2669,Poupança,19885.12
2670,Salário,25629.49
2671,Salário,20738.15
2672,Corrente,41126.81
2673,Salário,28542.63
2674,Salário,43288.58
2675,Corrente,46591.1
2676,Corrente,6763.16
2677,Poupança,43554.15
2678,Salário,37832.29
2679,Poupança,12998.65
2680,Poupança,26886.95
2681,Corrente,27541.15
2682,Corrente,29237.8
2683,Corrente,18147.26
2684,Corrente,35133.34
2685,Salário,40630.8
2686,Salário,11760.78
2687,Corrente,3584.67
2688,Corrente,10623.74
2689,Salário,48305.85
2690,Salário,20574.07
2691,Poupança,26889.71
2692,Salário,41301.92
2693,Corrente,25417.96
2694,Poupança,11245.2
2695,Corrente,43571.65
2696,Salário,17189.5
2697,Corrente,47206.56
2698,Poupança,40286.53
2699,Salário,23053.05
2700,Poupança,36440.34
2701,Corrente,1853.09
2702,Corrente,12526.28
2703,Corrente,29883.48
2704,Poupança,17088.13
2705,Salário,14235.66
2706,Corrente,13677.99
2707,Poupança,25451.19
2708,Corrente,30010.0
2709,Poupança,20957.63
2710,Poupança,33367.4
2711,Corrente,23260.63
2712,Corrente,18537.74
2713,Poupança,17949.44
2714,Salário,17333.44
2715,Salário,24823.8
2716,Poupança,28379.87
2717,Salário,25291.92
2718,Salário,42676.59
2719,Corrente,20473.53
2720,Salário,23660.73
2721,Salário,31682.49
2722,Salário,19621.81
2723,Poupança,22657.15
2724,Corrente,38755.87
2725,Corrente,9031.32
2726,Poupança,31207.74
2727,Salário,39235.21
2728,Poupança,21299.6
2729,Salário,18931.82
2730,Salário,38281.63
2731,Poupança,45886.05
2732,Poupança,34895.38
2733,Salário,12231.53
2734,Salário,9540.92
2735,Corrente,3266.97
2736,Salário,40077.81
2737,Corrente,41528.65
2738,Corrente,33869.69
2739,Salário,10454.13
2740,Poupança,15704.77
2741,Corrente,15551.85
2742,Salário,35650.53
2743,Poupança,6312.39
2744,Salário,4544.02
2745,Poupança,40010.73
2746,Corrente,7462.46
2747,Poupança,37987.66
2748,Salário,47441.58
2749,Poupança,42666.73
2750,Poupança,12408.49
2751,Poupança,39821.44
2752,Salário,32878.7
2753,Poupança,4721.69
2754,Poupança,17713.1
2755,Corrente,9652.62
2756,Poupança,22779.35
2757,Salário,21257.21
2758,Poupança,1495.82
2759,Corrente,28460.69
2760,Poupança,26060.67
2761,Salário,10494.54
2762,Poupança,32218.46
2763,Poupança,44793.49
2764,Poupança,34906.65
2765,Corrente,48906.73
2766,Corrente,23518.17
2767,Salário,20294.95
2768,Salário,10332.56
2769,Salário,9944.62
2770,Salário,9688.21
2771,Salário,41086.07
2772,Poupança,8408.64
2773,Salário,34165.55
2774,Poupança,43252.85
2775,Salário,47929.3
2776,Salário,45962.04
2777,Salário,46665.27
2778,Corrente,11931.56
2779,Poupança,48787.83
2780,Poupança,19553.19
2781,Poupança,1511.59
2782,Salário,22895.08
2783,Corrente,14284.57
2784,Corrente,15636.47
2785,Poupança,5953.6
2786,Poupança,47953.58
2787,Salário,35334.42
2788,Poupança,22847.05
2789,Poupança,28649.62
2790,Salário,47636.91
2791,Salário,24616.83
2792,Poupança,7947.2
2793,Salário,11949.08
2794,Poupança,47679.91
2795,Poupança,30598.43
2796,Salário,30584.02
2797,Poupança,46042.27
2798,Salário,31775.71
2799,Salário,49528.77
2800,Poupança,28135.07
2801,Salário,9791.98
2802,Poupança,23302.07
2803,Poupança,39670.46
2804,Salário,10408.85
2805,Salário,9805.86
2806,Corrente,24357.18
2807,Corrente,37945.34
2808,Corrente,48771.74
2809,Corrente,13230.38
2810,Salário,39815.61
2811,Salário,46110.6
2812,Corrente,44159.59
2813,Corrente,2053.81
2814,Poupança,526.65
2815,Poupança,44290.9
2816,Poupança,7340.85
2817,Salário,20673.29
2818,Salário,27371.16
2819,Salário,38689.68
2820,Salário,49939.88
2821,Salário,46140.68
2822,Poupança,9743.74
2823,Poupança,27597.17
2824,Corrente,38412.3
2825,Poupança,14994.97
2826,Corrente,35631.37
2827,Corrente,28389.06
2828,Corrente,3484.7
2829,Poupança,42168.16
2830,Corrente,7512.37
2831,Salário,24281.34
2832,Salário,44174.22
2833,Poupança,48464.94
2834,Poupança,36988.41
2835,Corrente,8226.44
2836,Poupança,39924.49
2837,Corrente,15295.6
2838,Poupança,2582.33
2839,Salário,38571.49
2840,Corrente,7101.1
2841,Poupança,16968.34
2842,Poupança,31411.96
2843,Corrente,27591.94
2844,Corrente,18463.4
2845,Corrente,44543.95
2846,Poupança,43311.15
2847,Poupança,43645.06
2848,Corrente,38626.28
2849,Salário,18476.24
2850,Corrente,20676.61
2851,Salário,29800.82
2852,Salário,18243.18
2853,Corrente,35297.16
2854,Salário,19572.84
2855,Poupança,42021.16
2856,Poupança,8548.67
2857,Poupança,4119.91
2858,Poupança,7160.62
2859,Corrente,17702.84
2860,Salário,863.43
2861,Corrente,13361.18
2862,Poupança,16709.7
2863,Poupança,13881.52
2864,Poupança,9991.26
2865,Corrente,3858.97
2866,Corrente,1966.76
2867,Corrente,22227.54
2868,Corrente,47614.92
2869,Salário,46672.68
2870,Poupança,22945.96
2871,Poupança,36712.7
2872,Poupança,17009.81
2873,Salário,17971.32
2874,Poupança,28015.64
2875,Salário,46288.12
2876,Poupança,21188.29
2877,Poupança,41829.75
2878,Salário,41794.06
2879,Salário,6636.8
2880,Salário,42069.77
2881,Corrente,46459.06
2882,Poupança,10506.23
2883,Salário,3707.97
2884,Poupança,33240.3
2885,Corrente,15915.32
2886,Poupança,17799.38
2887,Corrente,35799.35
2888,Salário,10127.94
2889,Poupança,47016.15
2890,Poupança,5505.13
2891,Salário,28112.27
2892,Poupança,14538.11
2893,Poupança,16603.18
2894,Poupança,48484.72
2895,Corrente,44164.16
2896,Salário,37397.52
2897,Corrente,35443.23
2898,Salário,49463.82
2899,Corrente,16387.7
2900,Salário,8083.81
2901,Corrente,46296.02
2902,Corrente,20145.34
2903,Poupança,35479.99
2904,Poupança,17420.66
2905,Poupança,44940.41
2906,Salário,5043.82
2907,Poupança,17799.3
2908,Poupança,6208.41
2909,Corrente,10613.86
2910,Corrente,10063.55
2911,Corrente,3294.66
2912,Corrente,1604.9
2913,Poupança,7195.46
2914,Corrente,14747.05
2915,Corrente,3128.54
2916,Salário,47538.21
2917,Poupança,15320.13
2918,Salário,8019.04
2919,Poupança,29335.32
2920,Poupança,19442.74
2921,Poupança,22865.75
2922,Corrente,38774.97
2923,Poupança,16734.46
2924,Corrente,9758.65
2925,Corrente,3163.38
2926,Corrente,23889.61
2927,Corrente,26956.46
2928,Corrente,43400.14
2929,Salário,27211.76
2930,Corrente,24939.79
2931,Poupança,9628.56
2932,Salário,22847.79
2933,Poupança,42622.48
2934,Salário,1690.11
2935,Corrente,25349.55
2936,Corrente,682.45
2937,Poupança,43917.57
2938,Salário,21148.56
2939,Poupança,4367.62
2940,Corrente,38042.99
2941,Corrente,16314.44
2942,Salário,4007.95
2943,Salário,13893.06
2944,Corrente,48291.94
2945,Salário,18515.27
2946,Salário,36001.96
2947,Poupança,29311.23
2948,Poupança,35435.79
2949,Corrente,26801.08
2950,Salário,21351.34
2951,Salário,36865.06
2952,Poupança,3721.36
2953,Poupança,5747.45
2954,Salário,44907.4
2955,Salário,40476.15
2956,Salário,13163.22
2957,Salário,47314.69
2958,Salário,19330.32
2959,Poupança,622.32
2960,Salário,28926.04
2961,Poupança,25121.48
2962,Salário,11662.92
2963,Salário,48633.3
2964,Salário,46993.86
2965,Salário,18910.4
2966,Salário,30631.84
2967,Poupança,2669.82
2968,Corrente,49779.61
2969,Salário,10345.88
2970,Salário,34491.72
2971,Poupança,45537.51
2972,Corrente,25889.68
2973,Poupança,37298.04
2974,Salário,8720.85
2975,Salário,1881.4
2976,Poupança,23643.05
2977,Poupança,46618.68
2978,Corrente,42543.54
2979,Corrente,14090.78
2980,Poupança,37495.77
2981,Salário,36878.2
2982,Poupança,35816.18
2983,Corrente,19498.35
2984,Salário,40218.14
2985,Corrente,4848.19
2986,Salário,26260.77
2987,Salário,5780.17
2988,Salário,14122.01
2989,Salário,34996.43
2990,Salário,6208.92
2991,Poupança,26143.53
2992,Poupança,34900.2
2993,Poupança,8666.57
2994,Salário,453.88
2995,Poupança,17311.91
2996,Corrente,49061.91
2997,Salário,18611.83
2998,Corrente,34106.17
2999,Corrente,1677.76
3000,Salário,38756.83
3001,Salário,17154.71
3002,Poupança,7720.03
3003,Corrente,8992.06
3004,Poupança,25195.76
3005,Poupança,29848.66
3006,Corrente,41241.07
3007,Corrente,14036.01
3008,Salário,15380.46
3009,Salário,26594.14
3010,Salário,40995.65
3011,Poupança,27014.33
3012,Salário,21905.26
3013,Poupança,39216.31
3014,Corrente,27685.7
3015,Corrente,28728.46
3016,Poupança,28935.82
3017,Salário,32539.0
3018,Salário,3452.49
3019,Salário,42764.96
3020,Poupança,10325.13
3021,Corrente,1973.5
3022,Salário,24876.79
3023,Poupança,22930.7
3024,Salário,28729.62
3025,Poupança,5676.69
3026,Corrente,38601.0
3027,Poupança,37311.91
3028,Corrente,22362.97
3029,Salário,12906.18
3030,Salário,8287.22
3031,Salário,46591.35
3032,Poupança,46123.6
3033,Corrente,46024.66
3034,Salário,12834.71
3035,Poupança,2762.77
3036,Poupança,48118.41
3037,Corrente,3058.47
3038,Salário,41589.01
3039,Salário,24310.25
3040,Salário,9506.78
3041,Salário,25585.72
3042,Poupança,23421.02
3043,Corrente,17508.9
3044,Corrente,28051.9
3045,Corrente,5465.78
3046,Poupança,17460.52
3047,Salário,23302.08
3048,Corrente,10132.93
3049,Salário,1434.78
3050,Poupança,13094.68
3051,Poupança,7665.73
3052,Poupança,35205.18
3053,Poupança,13244.11
3054,Corrente,21770.7
3055,Salário,27040.84
3056,Corrente,43531.57
3057,Poupança,44781.97
3058,Salário,351.16
3059,Salário,45786.56
3060,Corrente,37168.31
3061,Poupança,1409.7
3062,Poupança,23867.52
3063,Corrente,46902.59
3064,Corrente,22531.32
3065,Salário,49619.05
3066,Salário,834.4
3067,Poupança,24304.72
3068,Corrente,25786.82
3069,Poupança,48156.46
3070,Corrente,2154.39
3071,Poupança,28503.67
3072,Poupança,3281.39
3073,Poupança,13421.63
3074,Salário,29098.07
3075,Corrente,6699.14
3076,Poupança,9489.15
3077,Salário,12187.78
3078,Corrente,41857.0
3079,Corrente,26203.32
3080,Salário,12209.52
3081,Corrente,38871.11
3082,Corrente,34432.06
3083,Corrente,20519.07
3084,Poupança,12471.89
3085,Poupança,34399.6
3086,Poupança,37558.33
3087,Corrente,17311.19
3088,Corrente,21035.22
3089,Poupança,36503.14
3090,Corrente,11200.5
3091,Corrente,12580.93
3092,Corrente,20206.53
3093,Salário,38594.06
3094,Salário,45567.25
3095,Poupança,33873.35
3096,Corrente,12310.54
3097,Corrente,5029.28
3098,Salário,15673.68
3099,Corrente,10163.39
3100,Poupança,16088.32
3101,Poupança,20333.77
3102,Corrente,4874.13
3103,Salário,43070.79
3104,Corrente,40756.13
3105,Salário,48456.69
3106,Corrente,32197.68
3107,Corrente,48639.8
3108,Corrente,21860.41
3109,Salário,23940.54
3110,Corrente,34777.07
3111,Corrente,45163.61
3112,Salário,48987.98
3113,Poupança,46306.92
3114,Salário,3422.41
3115,Salário,30847.05
3116,Salário,20093.22
3117,Poupança,21767.56
3118,Poupança,30066.93
3119,Poupança,39184.25
3120,Corrente,44049.37
3121,Poupança,43098.34
3122,Corrente,41750.87
3123,Corrente,24377.58
3124,Salário,8116.03
3125,Salário,26943.4
3126,Corrente,10235.04
3127,Salário,19635.79
3128,Salário,44089.97
3129,Salário,38004.37
3130,Poupança,22250.65
3131,Salário,17478.81
3132,Corrente,22211.78
3133,Poupança,23425.72
3134,Poupança,43252.14
3135,Poupança,10666.61
3136,Corrente,33194.75
3137,Poupança,29059.9
3138,Salário,21064.52
3139,Poupança,45551.47
3140,Corrente,37326.53
3141,Poupança,15834.31
3142,Salário,2021.16
3143,Corrente,2136.9
3144,Corrente,5422.68
3145,Corrente,46784.95
3146,Salário,14657.9
3147,Poupança,24721.26
3148,Poupança,36753.53
3149,Salário,22927.55
3150,Poupança,41761.47
3151,Salário,28914.24
3152,Corrente,46188.95
3153,Salário,38210.61
3154,Salário,12979.91
3155,Corrente,20972.6
3156,Corrente,47740.56
3157,Corrente,24971.19
3158,Poupança,29891.74
3159,Poupança,16818.48
3160,Poupança,36825.24
3161,Salário,18803.47
3162,Salário,42877.91
3163,Corrente,12987.37
3164,Salário,1648.38
3165,Poupança,32084.44
3166,Poupança,25181.87
3167,Corrente,3206.0
3168,Corrente,29415.88
3169,Corrente,23752.91
3170,Corrente,21715.79
3171,Salário,19776.38
3172,Poupança,4203.27
3173,Poupança,21306.51
3174,Poupança,27922.85
3175,Corrente,12689.22
3176,Salário,26804.22
3177,Salário,46635.92
3178,Poupança,47683.26
3179,Salário,33210.2
3180,Salário,24400.32
3181,Salário,49334.74
3182,Poupança,37127.06
3183,Corrente,34791.45
3184,Poupança,31127.95
3185,Poupança,9929.02
3186,Salário,33701.4
3187,Corrente,48746.91
3188,Corrente,36141.83
3189,Salário,41318.49
3190,Poupança,33490.11
3191,Corrente,26291.69
3192,Salário,28310.64
3193,Salário,10088.24
3194,Poupança,6156.79
3195,Corrente,5409.98
3196,Poupança,17541.77
3197,Poupança,29697.82
3198,Salário,30876.15
3199,Corrente,31468.45
3200,Salário,46334.49
3201,Salário,34236.31
3202,Corrente,42824.79
3203,Corrente,21877.48
3204,Salário,43837.61
3205,Salário,25149.02
3206,Corrente,47205.07
3207,Salário,2048.59
3208,Corrente,10457.43
3209,Salário,15620.9
3210,Corrente,30170.37
3211,Poupança,13441.91
3212,Poupança,47906.67
3213,Corrente,29373.22
3214,Poupança,11982.42
3215,Corrente,880.98
3216,Poupança,9925.74
3217,Poupança,41860.19
3218,Poupança,25407.93
3219,Corrente,45106.68
3220,Salário,47392.04
3221,Salário,4021.95
3222,Salário,27227.09
3223,Salário,22583.28
3224,Corrente,48127.53
3225,Salário,6285.87
3226,Corrente,34432.71
3227,Poupança,48082.1
3228,Poupança,18798.18
3229,Poupança,10417.87
3230,Poupança,3069.02
3231,Corrente,27195.04
3232,Poupança,23099.6
3233,Corrente,30280.86
3234,Poupança,16382.57
3235,Corrente,22257.19
3236,Corrente,36389.54
3237,Corrente,32604.67
3238,Corrente,47935.32
3239,Corrente,17120.47
3240,Corrente,16360.18
3241,Corrente,660.06
3242,Salário,10611.79
3243,Salário,47180.65
3244,Poupança,31300.16
3245,Corrente,25714.2
3246,Corrente,20891.04
3247,Poupança,25193.29
3248,Corrente,26512.19
3249,Poupança,20894.32
3250,Poupança,37052.94
3251,Poupança,34600.71
3252,Corrente,44716.01
3253,Salário,7648.13
3254,Corrente,20782.63
3255,Corrente,24337.79
3256,Salário,34900.41
3257,Poupança,3478.99
3258,Corrente,8943.91
3259,Poupança,39959.44
3260,Poupança,18430.32
3261,Salário,46453.84
3262,Corrente,17529.02
3263,Salário,32173.4
3264,Poupança,24827.49
3265,Corrente,21006.3
3266,Salário,22564.15
3267,Poupança,45647.33
3268,Salário,6382.13
3269,Corrente,13553.18
3270,Salário,17469.65
3271,Poupança,29621.58
3272,Poupança,10271.69
3273,Corrente,20984.38
3274,Poupança,13942.63
3275,Corrente,33059.83
3276,Poupança,26499.01
3277,Corrente,33559.88
3278,Corrente,12378.98
3279,Corrente,20524.32
3280,Salário,29901.5
3281,Poupança,33279.6
3282,Corrente,20053.75
3283,Poupança,32704.3
3284,Salário,25696.07
3285,Poupança,10339.98
3286,Salário,18932.23
3287,Salário,22882.13
3288,Poupança,39068.13
3289,Poupança,8784.09
3290,Salário,6857.78
3291,Corrente,27513.73
3292,Salário,4191.12
3293,Corrente,47079.79
3294,Corrente,15750.18
3295,Corrente,39774.95
3296,Salário,12710.91
3297,Corrente,5988.43
3298,Corrente,36713.85
3299,Corrente,3661.32
3300,Corrente,26933.18
3301,Salário,23760.21
3302,Salário,3045.15
3303,Poupança,40177.94
3304,Poupança,20809.89
3305,Salário,40372.03
3306,Poupança,22018.28
3307,Poupança,29857.81
3308,Salário,40613.68
3309,Poupança,10590.86
3310,Corrente,3750.45
3311,Poupança,23474.24
3312,Poupança,23683.08
3313,Poupança,24620.19
3314,Salário,13328.39
3315,Poupança,4172.96
3316,Corrente,44766.94
3317,Salário,43359.2
3318,Corrente,28383.62
3319,Salário,11361.92
3320,Salário,41668.23
3321,Poupança,29368.1
3322,Poupança,39405.75
3323,Salário,16199.71
3324,Corrente,46521.48
3325,Poupança,43023.13
3326,Salário,43369.2
3327,Poupança,30380.15
3328,Poupança,29087.28
3329,Salário,34662.35
3330,Poupança,32699.2
3331,Poupança,11250.97
3332,Poupança,12647.31
3333,Salário,34282.1
3334,Poupança,364.48
3335,Corrente,12048.7
3336,Salário,28972.04
3337,Poupança,10376.24
3338,Salário,34643.33
3339,Corrente,14508.26
3340,Salário,3765.42
3341,Corrente,3673.22
3342,Poupança,16835.22
3343,Corrente,28270.33
3344,Salário,7185.76
3345,Poupança,40371.95
3346,Corrente,17725.4
3347,Poupança,44024.63
3348,Corrente,49381.45
3349,Salário,38606.39
3350,Salário,31541.55
3351,Corrente,29977.93
3352,Poupança,21831.18
3353,Corrente,45225.42
3354,Poupança,30578.62
3355,Poupança,5987.53
3356,Salário,22569.11
3357,Poupança,46812.19
3358,Poupança,49947.73
3359,Corrente,38200.35
3360,Salário,33033.04
3361,Corrente,48370.44
3362,Corrente,32050.22
3363,Corrente,25172.37
3364,Poupança,25492.98
3365,Salário,44819.0
3366,Salário,32928.91
3367,Salário,42149.64
3368,Poupança,13280.98
3369,Poupança,16946.68
3370,Corrente,47171.51
3371,Corrente,48220.84
3372,Corrente,3952.71
3373,Salário,5544.37
3374,Poupança,20004.27
3375,Poupança,46658.46
3376,Poupança,31463.39
3377,Poupança,42857.24
3378,Poupança,5865.11
3379,Salário,26400.56
3380,Salário,2269.96
3381,Salário,39692.8
3382,Corrente,1789.23
3383,Poupança,49314.34
3384,Salário,15031.0
3385,Corrente,1900.01
3386,Salário,31227.73
3387,Poupança,298.4
3388,Salário,14441.53
3389,Poupança,49356.78
3390,Salário,37288.83
3391,Salário,35935.91
3392,Salário,17580.44
3393,Corrente,49623.77
3394,Poupança,29584.78
3395,Salário,40088.7
3396,Corrente,17832.07
3397,Corrente,46276.81
3398,Salário,35390.17
3399,Poupança,25641.87
3400,Corrente,20248.74
3401,Salário,23686.49
3402,Corrente,15469.31
3403,Salário,33084.66
3404,Poupança,16672.79
3405,Poupança,49440.07
3406,Salário,9794.35
3407,Corrente,33465.89
3408,Poupança,23188.15
3409,Corrente,19995.86
3410,Poupança,28029.61
3411,Poupança,15225.97
3412,Corrente,4627.66
3413,Corrente,3259.55
3414,Poupança,43787.12
3415,Salário,23763.2
3416,Corrente,33269.81
3417,Corrente,14464.54
3418,Poupança,34435.87
3419,Corrente,37231.94
3420,Salário,37328.61
3421,Poupança,5745.08
3422,Poupança,3312.47
3423,Corrente,17631.92
3424,Poupança,49599.98
3425,Poupança,8403.29
3426,Salário,15609.97
3427,Poupança,45692.2
3428,Poupança,1461.97
3429,Corrente,16981.27
3430,Salário,25189.14
3431,Salário,25600.21
3432,Poupança,2402.36
3433,Poupança,7580.77
3434,Salário,45144.59
3435,Corrente,30628.27
3436,Corrente,5381.07
3437,Corrente,16564.71
3438,Poupança,14532.48
3439,Corrente,39661.49
3440,Salário,20049.62
3441,Poupança,46129.38
3442,Salário,40297.16
3443,Poupança,3061.19
3444,Poupança,31673.81
3445,Salário,44662.62
3446,Poupança,47719.47
3447,Salário,22171.21
3448,Poupança,11075.65
3449,Poupança,36681.1
3450,Poupança,22617.49
3451,Poupança,29501.9
3452,Salário,46849.85
3453,Poupança,20291.41
3454,Corrente,17485.47
3455,Corrente,35579.99
3456,Poupança,12937.82
3457,Corrente,26774.54
3458,Salário,48511.93
3459,Poupança,21385.33
3460,Corrente,29860.18
3461,Corrente,12136.33
3462,Salário,23011.61
3463,Corrente,41254.65
3464,Poupança,45970.47
3465,Corrente,45930.88
3466,Poupança,45037.6
3467,Poupança,41055.59
3468,Corrente,44014.57
3469,Poupança,8528.92
3470,Salário,33930.12
3471,Poupança,6545.31
3472,Corrente,38660.31
3473,Corrente,31895.62
3474,Corrente,7717.44
3475,Poupança,39543.45
3476,Corrente,49748.08
3477,Corrente,4497.18
3478,Corrente,24397.92
3479,Salário,34234.81
3480,Corrente,32276.79
3481,Corrente,965.0
3482,Poupança,29856.4
3483,Salário,28606.88
3484,Corrente,9169.85
3485,Poupança,45725.41
3486,Poupança,47700.85
3487,Corrente,40362.23
3488,Corrente,12427.59
3489,Salário,42271.43
3490,Corrente,10005.66
3491,Corrente,24635.29
3492,Poupança,3761.77
3493,Poupança,8096.66
3494,Salário,13352.58
3495,Corrente,40392.38
3496,Poupança,3686.33
3497,Poupança,35884.82
3498,Salário,30634.49
3499,Salário,328.98
3500,Salário,12530.93
3501,Poupança,12617.75
3502,Corrente,18510.46
3503,Corrente,38221.59
3504,Poupança,13490.5
3505,Salário,19632.54
3506,Salário,29111.04
3507,Poupança,31529.14
3508,Salário,3133.24
3509,Corrente,17831.24
3510,Poupança,18678.18
3511,Salário,48200.54
3512,Salário,27229.73
3513,Salário,31793.95
3514,Salário,36074.88
3515,Salário,4660.12
3516,Poupança,6537.37
3517,Poupança,43391.49
3518,Poupança,27612.98
3519,Poupança,9802.03
3520,Corrente,6431.45
3521,Corrente,23415.2
3522,Corrente,18879.1
3523,Salário,11378.62
3524,Salário,24453.96
3525,Corrente,44280.23
3526,Salário,16122.44
3527,Poupança,49868.25
3528,Poupança,27658.22
3529,Poupança,27275.39
3530,Corrente,23088.26
3531,Poupança,49402.37
3532,Corrente,35632.02
3533,Corrente,11087.74
3534,Poupança,13583.06
3535,Salário,24775.54
3536,Corrente,3310.19
3537,Poupança,38762.88
3538,Poupança,47134.26
3539,Corrente,12710.26
3540,Salário,11164.12
3541,Salário,44825.26
3542,Poupança,34831.39
3543,Corrente,25953.83
3544,Poupança,42053.94
3545,Corrente,36193.52
3546,Poupança,41392.61
3547,Poupança,38787.39
3548,Salário,17311.3
3549,Corrente,7102.72
3550,Corrente,33063.66
3551,Corrente,12247.31
3552,Corrente,16547.6
3553,Poupança,10348.93
3554,Salário,39347.61
3555,Poupança,1062.42
3556,Salário,38734.89
3557,Corrente,2195.42
3558,Corrente,24539.13
3559,Salário,42005.61
3560,Salário,15074.24
3561,Corrente,5573.95
3562,Corrente,8851.0
3563,Corrente,35948.79
3564,Poupança,30382.28
3565,Corrente,25473.34
3566,Poupança,45381.79
3567,Poupança,37224.53
3568,Salário,31188.8
3569,Poupança,43040.32
3570,Corrente,28562.05
3571,Poupança,12047.25
3572,Salário,31682.21
3573,Salário,32478.04
3574,Salário,41054.89
3575,Poupança,38334.43
3576,Poupança,539.63
3577,Poupança,15203.01
3578,Salário,6654.16
3579,Corrente,36603.55
3580,Salário,32090.64
3581,Poupança,32223.96
3582,Corrente,35553.19
3583,Corrente,29739.96
3584,Salário,26492.67
3585,Poupança,27722.71
3586,Salário,314.67
3587,Salário,39631.74
3588,Salário,24558.86
3589,Poupança,35035.8
3590,Corrente,18666.77
3591,Salário,27667.89
3592,Poupança,16852.27
3593,Poupança,18661.39
3594,Poupança,44541.12
3595,Salário,10307.09
3596,Corrente,8389.5
3597,Corrente,14770.4
3598,Poupança,43748.87
3599,Poupança,29403.99
3600,Poupança,29859.21
3601,Poupança,10961.33
3602,Poupança,2736.57
3603,Corrente,12134.12
3604,Salário,17742.14
3605,Corrente,14326.9
3606,Corrente,1597.24
3607,Salário,6632.04
3608,Poupança,44932.47
3609,Salário,36623.93
3610,Corrente,4682.47
3611,Corrente,29585.24
3612,Corrente,25477.48
3613,Corrente,12186.85
3614,Salário,1464.22
3615,Salário,29339.56
3616,Salário,41400.68
3617,Corrente,24192.04
3618,Poupança,12898.5
3619,Poupança,26959.61
3620,Poupança,38212.35
3621,Salário,10839.91
3622,Salário,23056.74
3623,Poupança,44170.65
3624,Poupança,17470.97
3625,Salário,7337.87
3626,Salário,48275.39
3627,Corrente,3093.02
3628,Corrente,28073.13
3629,Corrente,6852.02
3630,Corrente,35077.68
3631,Salário,17339.26
3632,Corrente,40537.85
3633,Corrente,45344.91
3634,Salário,21127.53
3635,Salário,21223.79
3636,Corrente,42650.94
3637,Poupança,8254.56
3638,Salário,41071.89
3639,Poupança,7354.76
3640,Corrente,6576.97
3641,Salário,26534.99
3642,Poupança,22490.45
3643,Corrente,40161.5
3644,Poupança,21926.69
3645,Poupança,36714.16
3646,Salário,24604.94
3647,Salário,33701.26
3648,Poupança,5567.05
3649,Corrente,24291.65
3650,Salário,18688.94
3651,Corrente,19629.18
3652,Poupança,24151.13
3653,Corrente,39408.07
3654,Salário,4699.55
3655,Poupança,29256.75
3656,Salário,35200.95
3657,Salário,44372.99
3658,Poupança,19918.72
3659,Salário,30351.03
3660,Corrente,6289.82
3661,Salário,12078.69
3662,Corrente,13414.47
3663,Poupança,18614.36
3664,Salário,7805.91
3665,Salário,32373.47
3666,Salário,34438.39
3667,Salário,8722.28
3668,Corrente,1277.51
3669,Poupança,28128.42
3670,Salário,29018.84
3671,Salário,13431.89
3672,Poupança,44317.93
3673,Salário,29296.96
3674,Corrente,47974.57
3675,Corrente,18882.97
3676,Salário,27343.58
3677,Corrente,23073.14
3678,Poupança,25278.61
3679,Salário,27380.97
3680,Corrente,32655.33
3681,Salário,5136.86
3682,Corrente,47354.46
3683,Poupança,6211.21
3684,Salário,48542.64
3685,Salário,44056.37
3686,Salário,45979.35
3687,Salário,44107.12
3688,Salário,9908.4
3689,Salário,36958.91
3690,Poupança,31501.79
3691,Corrente,31341.3
3692,Corrente,6055.37
3693,Salário,17995.31
3694,Corrente,31749.99
3695,Corrente,24468.37
3696,Corrente,36015.39
3697,Corrente,49261.91
3698,Poupança,27287.9
3699,Corrente,29886.15
3700,Corrente,9507.53
3701,Corrente,27184.27
3702,Salário,13210.12
3703,Corrente,25621.62
3704,Salário,1913.8
3705,Corrente,10233.05
3706,Salário,28224.9
3707,Salário,7152.58
3708,Salário,3375.29
3709,Salário,7631.96
3710,Salário,9992.87
3711,Poupança,45551.93
3712,Corrente,32891.17
3713,Corrente,39421.52
3714,Corrente,37953.87
3715,Poupança,5554.86
3716,Corrente,6844.42
3717,Corrente,1151.92
3718,Poupança,37382.35
3719,Poupança,17814.65
3720,Poupança,7595.12
3721,Poupança,20842.19
3722,Poupança,10840.66
3723,Poupança,32709.06
3724,Salário,35245.59
3725,Poupança,8468.07
3726,Poupança,7934.8
3727,Salário,16991.11
3728,Salário,25051.25
3729,Corrente,42704.66
3730,Corrente,41854.85
3731,Salário,11661.44
3732,Poupança,36275.78
3733,Salário,49251.06
3734,Corrente,37525.95
3735,Poupança,1291.62
3736,Corrente,11082.77
3737,Salário,43043.76
3738,Poupança,21461.91
3739,Corrente,12506.91
3740,Poupança,38254.74
3741,Corrente,2308.74
3742,Salário,15223.03
3743,Corrente,9931.24
3744,Poupança,21905.71
3745,Salário,21197.74
3746,Salário,7121.67
3747,Poupança,48461.88
3748,Poupança,17932.15
3749,Poupança,19673.94
3750,Poupança,11265.09
3751,Corrente,30031.34
3752,Corrente,7516.78
3753,Poupança,47942.82
3754,Corrente,49013.38
3755,Salário,41935.41
3756,Salário,20981.84
3757,Salário,10368.31
3758,Corrente,32306.88
3759,Poupança,973.29
3760,Salário,28230.92
3761,Corrente,2405.03
3762,Salário,33072.78
3763,Corrente,10820.49
3764,Salário,39346.33
3765,Poupança,24219.86
3766,Corrente,30317.4
3767,Corrente,4478.99
3768,Salário,12419.06
3769,Corrente,26320.93
3770,Salário,2763.29
3771,Poupança,48707.87
3772,Corrente,33549.31
3773,Poupança,49543.75
3774,Poupança,7233.66
3775,Corrente,14726.69
3776,Poupança,117.53
3777,Salário,18116.58
3778,Salário,6140.98
3779,Salário,23703.35
3780,Salário,47110.55
3781,Salário,29482.85
3782,Salário,11040.59
3783,Salário,7091.8
3784,Salário,5741.49
3785,Poupança,9165.57
3786,Salário,44953.26
3787,Poupança,3117.06
3788,Corrente,5111.51
3789,Corrente,6621.55
3790,Poupança,46766.18
3791,Corrente,25907.54
3792,Corrente,31022.9
3793,Poupança,16112.28
3794,Salário,16227.64
3795,Corrente,28836.41
3796,Salário,21343.59
3797,Corrente,32918.28
3798,Poupança,25841.93
3799,Salário,47033.3
3800,Poupança,38510.84
3801,Corrente,17049.49
3802,Corrente,38576.19
3803,Corrente,7017.93
3804,Salário,979.27
3805,Corrente,11099.39
3806,Salário,14296.96
3807,Corrente,44335.53
3808,Poupança,23757.39
3809,Corrente,37711.01
3810,Corrente,36794.23
3811,Poupança,33692.18
3812,Salário,38963.09
3813,Poupança,1289.04
3814,Corrente,14338.71
3815,Salário,24498.85
3816,Corrente,22978.74
3817,Poupança,31685.16
3818,Salário,3315.23
3819,Corrente,23138.56
3820,Salário,15949.64
3821,Salário,26261.47
3822,Salário,1338.8
3823,Salário,44568.73
3824,Corrente,19086.3
3825,Corrente,2086.12
3826,Poupança,47089.26
3827,Corrente,48310.24
3828,Salário,46479.81
3829,Poupança,115.73
3830,Salário,43514.03
3831,Poupança,32738.06
3832,Corrente,37872.92
3833,Poupança,34553.78
3834,Corrente,23895.41
3835,Poupança,27426.34
3836,Salário,1305.12
3837,Salário,21018.14
3838,Poupança,17783.96
3839,Corrente,5836.39
3840,Corrente,32756.08
3841,Corrente,13746.74
3842,Salário,9303.59
3843,Poupança,3015.36
3844,Poupança,31132.6
3845,Corrente,9254.41
3846,Salário,49374.99
3847,Poupança,25929.27
3848,Salário,479.55
3849,Poupança,49369.78
3850,Poupança,26765.83
3851,Corrente,36024.11
3852,Poupança,324.11
3853,Corrente,24465.01
3854,Corrente,4673.32
3855,Corrente,25177.87
3856,Salário,3537.75
3857,Salário,35151.3
3858,Salário,2337.3
3859,Poupança,16993.27
3860,Salário,26890.55
3861,Corrente,20089.22
3862,Salário,19369.47
3863,Poupança,44350.55
3864,Corrente,13344.68
3865,Poupança,27615.16
3866,Poupança,17321.08
3867,Salário,24274.72
3868,Poupança,40501.04
3869,Corrente,17062.87
3870,Poupança,49692.95
3871,Corrente,28069.72
3872,Salário,2489.54
3873,Poupança,48316.23
3874,Corrente,33159.26
3875,Salário,46779.76
3876,Corrente,20892.91
3877,Salário,14258.36
3878,Corrente,20349.54
3879,Poupança,45676.93
3880,Corrente,37736.54
3881,Corrente,20513.85
3882,Corrente,20088.55
3883,Corrente,44276.71
3884,Corrente,41769.28
3885,Salário,2835.94
3886,Corrente,15536.36
3887,Corrente,5344.35
3888,Salário,8030.67
3889,Corrente,28438.86
3890,Salário,35923.67
3891,Salário,14855.51
3892,Corrente,6720.89
3893,Salário,39553.38
3894,Poupança,26270.28
3895,Corrente,37597.89
3896,Corrente,5410.74
3897,Salário,33714.95
3898,Poupança,7648.66
3899,Salário,18846.71
3900,Corrente,12474.36
3901,Poupança,4852.04
3902,Corrente,12051.66
3903,Corrente,41824.46
3904,Poupança,6720.66
3905,Corrente,2338.56
3906,Salário,30955.61
3907,Corrente,40080.66
3908,Corrente,36851.06
3909,Salário,48229.64
3910,Poupança,4520.64
3911,Poupança,46873.94
3912,Salário,13294.55
3913,Corrente,17550.86
3914,Poupança,8159.37
3915,Corrente,8076.43
3916,Corrente,45400.61
3917,Corrente,937.85
3918,Corrente,45759.01
3919,Poupança,285.9
3920,Corrente,39138.73
3921,Poupança,36678.81
3922,Corrente,20254.55
3923,Corrente,20939.42
3924,Corrente,16369.38
3925,Corrente,42389.12
3926,Poupança,14056.21
3927,Salário,24681.94
3928,Salário,11100.35
3929,Corrente,3799.66
3930,Corrente,36256.29
3931,Corrente,27964.69
3932,Corrente,42814.52
3933,Poupança,12581.1
3934,Corrente,13865.65
3935,Corrente,48535.23
3936,Salário,29954.4
3937,Corrente,5326.07
3938,Poupança,13841.31
3939,Corrente,37810.79
3940,Poupança,45885.1
3941,Poupança,24588.62
3942,Poupança,35357.04
3943,Corrente,40056.75
3944,Salário,47686.59
3945,Salário,1440.29
3946,Poupança,46606.96
3947,Poupança,43614.71
3948,Corrente,42668.78
3949,Salário,41501.11
3950,Poupança,18572.36
3951,Poupança,41817.76
3952,Poupança,31635.35
3953,Poupança,21871.37
3954,Poupança,33506.6
3955,Corrente,35158.71
3956,Poupança,23333.56
3957,Corrente,1682.95
3958,Salário,10849.13
3959,Corrente,37590.03
3960,Salário,28670.59
3961,Salário,11922.8
3962,Salário,448.94
3963,Poupança,14460.63
3964,Salário,40965.96
3965,Salário,45692.45
3966,Corrente,8118.93
3967,Corrente,24099.55
3968,Poupança,45386.1
3969,Poupança,29890.25
3970,Salário,49772.07
3971,Salário,3901.69
3972,Corrente,32344.15
3973,Poupança,3326.21
3974,Corrente,43826.14
3975,Corrente,38512.87
3976,Salário,39586.25
3977,Corrente,47214.18
3978,Salário,10980.49
3979,Salário,24058.59
3980,Corrente,26983.71
3981,Corrente,30094.66
3982,Poupança,39546.61
3983,Poupança,41854.0
3984,Corrente,47769.63
3985,Poupança,29902.31
3986,Corrente,22961.46
3987,Poupança,24090.65
3988,Corrente,21584.05
3989,Poupança,3544.17
3990,Poupança,11625.82
3991,Corrente,48856.08
3992,Corrente,44696.94
3993,Corrente,24947.13
3994,Poupança,44519.99
3995,Salário,23568.92
3996,Corrente,21485.63
3997,Poupança,27297.19
3998,Corrente,42026.46
3999,Poupança,28981.73
4000,Poupança,29286.11
