id_score,id_cliente,score
1,1,611
2,2,666
3,3,617
4,4,633
5,5,842
6,6,562
7,7,537
8,8,806
9,9,364
10,10,427
11,11,475
12,12,669
13,13,505
14,14,727
15,15,667
16,16,679
17,17,768
18,18,407
19,19,860
20,20,577
21,21,655
22,22,462
23,23,618
24,24,381
25,25,740
26,26,864
27,27,402
28,28,647
29,29,417
30,30,322
31,31,758
32,32,312
33,33,554
34,34,851
35,35,562
36,36,326
37,37,782
38,38,364
39,39,604
40,40,771
41,41,542
42,42,675
43,43,765
44,44,419
45,45,588
46,46,680
47,47,792
48,48,754
49,49,548
50,50,550
51,51,792
52,52,745
53,53,810
54,54,767
55,55,847
56,56,715
57,57,650
58,58,759
59,59,883
60,60,894
61,61,605
62,62,824
63,63,681
64,64,562
65,65,591
66,66,868
67,67,787
68,68,311
69,69,596
70,70,785
71,71,824
72,72,668
73,73,742
74,74,814
75,75,366
76,76,339
77,77,561
78,78,900
79,79,696
80,80,796
81,81,746
82,82,668
83,83,698
84,84,717
85,85,352
86,86,446
87,87,755
88,88,647
89,89,337
90,90,412
91,91,696
92,92,461
93,93,365
94,94,359
95,95,470
96,96,882
97,97,336
98,98,896
99,99,869
100,100,335
101,101,384
102,102,800
103,103,397
104,104,748
105,105,345
106,106,783
107,107,488
108,108,386
109,109,471
110,110,462
111,111,793
112,112,780
113,113,776
114,114,377
115,115,502
116,116,470
117,117,509
118,118,441
119,119,559
120,120,520
121,121,824
122,122,438
123,123,718
124,124,349
125,125,830
126,126,711
127,127,620
128,128,803
129,129,594
130,130,403
131,131,709
132,132,852
133,133,594
134,134,390
135,135,574
136,136,456
137,137,718
138,138,457
139,139,846
140,140,342
141,141,635
142,142,792
143,143,499
144,144,358
145,145,435
146,146,513
147,147,767
148,148,569
149,149,871
150,150,563
151,151,327
152,152,854
153,153,482
154,154,885
155,155,499
156,156,480
157,157,489
158,158,821
159,159,460
160,160,348
161,161,527
162,162,733
163,163,443
164,164,648
165,165,699
166,166,695
167,167,652
168,168,743
169,169,766
170,170,679
171,171,683
172,172,499
173,173,539
174,174,675
175,175,361
176,176,746
177,177,588
178,178,606
179,179,593
180,180,397
181,181,701
182,182,572
183,183,879
184,184,868
185,185,884
186,186,666
187,187,343
188,188,896
189,189,407
190,190,749
191,191,650
192,192,331
193,193,535
194,194,537
195,195,429
196,196,840
197,197,711
198,198,808
199,199,305
200,200,457
201,201,444
202,202,447
203,203,762
204,204,754
205,205,576
206,206,823
207,207,783
208,208,894
209,209,450
210,210,835
211,211,461
212,212,575
213,213,494
214,214,707
215,215,442
216,216,606
217,217,885
218,218,765
219,219,835
220,220,605
221,221,303
222,222,658
223,223,799
224,224,553
225,225,456
226,226,778
227,227,632
228,228,329
229,229,853
230,230,563
231,231,691
232,232,359
233,233,841
234,234,399
235,235,337
236,236,878
237,237,589
238,238,606
239,239,785
240,240,819
241,241,469
242,242,630
243,243,827
244,244,777
245,245,374
246,246,666
247,247,669
248,248,859
249,249,878
250,250,869
251,251,825
252,252,811
253,253,486
254,254,370
255,255,358
256,256,761
257,257,772
258,258,407
259,259,736
260,260,899
261,261,804
262,262,658
263,263,830
264,264,386
265,265,358
266,266,583
267,267,802
268,268,437
269,269,591
270,270,781
271,271,824
272,272,579
273,273,433
274,274,446
275,275,686
276,276,495
277,277,322
278,278,320
279,279,753
280,280,890
281,281,618
282,282,570
283,283,892
284,284,819
285,285,314
286,286,719
287,287,467
288,288,765
289,289,477
290,290,669
291,291,759
292,292,669
293,293,323
294,294,844
295,295,789
296,296,690
297,297,442
298,298,556
299,299,720
300,300,738
301,301,590
302,302,532
303,303,724
304,304,467
305,305,626
306,306,838
307,307,896
308,308,397
309,309,804
310,310,560
311,311,641
312,312,546
313,313,498
314,314,466
315,315,456
316,316,574
317,317,641
318,318,852
319,319,557
320,320,897
321,321,458
322,322,770
323,323,653
324,324,611
325,325,314
326,326,722
327,327,582
328,328,511
329,329,615
330,330,711
331,331,577
332,332,809
333,333,391
334,334,899
335,335,424
336,336,580
337,337,639
338,338,527
339,339,725
340,340,590
341,341,403
342,342,850
343,343,784
344,344,524
345,345,581
346,346,509
347,347,309
348,348,884
349,349,861
350,350,615
351,351,486
352,352,550
353,353,754
354,354,554
355,355,300
356,356,749
357,357,465
358,358,405
359,359,851
360,360,581
361,361,317
362,362,504
363,363,899
364,364,732
365,365,366
366,366,329
367,367,728
368,368,556
369,369,658
370,370,526
371,371,697
372,372,782
373,373,742
374,374,373
375,375,398
376,376,739
377,377,696
378,378,722
379,379,708
380,380,897
381,381,648
382,382,689
383,383,523
384,384,893
385,385,859
386,386,717
387,387,588
388,388,507
389,389,727
390,390,728
391,391,683
392,392,564
393,393,307
394,394,349
395,395,877
396,396,433
397,397,601
398,398,340
399,399,331
400,400,849
401,401,613
402,402,819
403,403,597
404,404,555
405,405,828
406,406,539
407,407,597
408,408,603
409,409,617
410,410,553
411,411,898
412,412,846
413,413,338
414,414,497
415,415,827
416,416,423
417,417,531
418,418,808
419,419,745
420,420,808
421,421,853
422,422,347
423,423,315
424,424,711
425,425,862
426,426,364
427,427,699
428,428,412
429,429,605
430,430,745
431,431,730
432,432,306
433,433,844
434,434,540
435,435,656
436,436,883
437,437,366
438,438,608
439,439,862
440,440,701
441,441,463
442,442,806
443,443,334
444,444,803
445,445,812
446,446,739
447,447,309
448,448,369
449,449,377
450,450,566
451,451,442
452,452,748
453,453,343
454,454,389
455,455,566
456,456,508
457,457,548
458,458,761
459,459,486
460,460,833
461,461,576
462,462,639
463,463,801
464,464,758
465,465,581
466,466,715
467,467,396
468,468,815
469,469,696
470,470,587
471,471,588
472,472,616
473,473,691
474,474,565
475,475,763
476,476,632
477,477,619
478,478,700
479,479,631
480,480,440
481,481,370
482,482,650
483,483,396
484,484,330
485,485,378
486,486,674
487,487,673
488,488,593
489,489,736
490,490,374
491,491,876
492,492,875
493,493,579
494,494,657
495,495,303
496,496,320
497,497,880
498,498,448
499,499,753
500,500,581
501,501,683
502,502,444
503,503,863
504,504,649
505,505,826
506,506,770
507,507,714
508,508,577
509,509,319
510,510,493
511,511,800
512,512,764
513,513,404
514,514,466
515,515,842
516,516,585
517,517,650
518,518,712
519,519,690
520,520,517
521,521,684
522,522,435
523,523,755
524,524,772
525,525,884
526,526,414
527,527,613
528,528,485
529,529,791
530,530,862
531,531,884
532,532,889
533,533,738
534,534,423
535,535,492
536,536,742
537,537,305
538,538,667
539,539,766
540,540,768
541,541,330
542,542,450
543,543,647
544,544,796
545,545,415
546,546,382
547,547,848
548,548,411
549,549,666
550,550,332
551,551,813
552,552,629
553,553,700
554,554,400
555,555,439
556,556,771
557,557,544
558,558,387
559,559,674
560,560,742
561,561,511
562,562,893
563,563,792
564,564,375
565,565,524
566,566,731
567,567,436
568,568,578
569,569,719
570,570,639
571,571,659
572,572,636
573,573,564
574,574,382
575,575,366
576,576,539
577,577,510
578,578,409
579,579,370
580,580,677
581,581,834
582,582,834
583,583,592
584,584,822
585,585,736
586,586,384
587,587,624
588,588,886
589,589,748
590,590,685
591,591,878
592,592,841
593,593,836
594,594,798
595,595,358
596,596,883
597,597,864
598,598,363
599,599,371
600,600,337
601,601,700
602,602,861
603,603,531
604,604,687
605,605,536
606,606,431
607,607,334
608,608,622
609,609,796
610,610,736
611,611,571
612,612,466
613,613,884
614,614,345
615,615,616
616,616,805
617,617,395
618,618,719
619,619,900
620,620,812
621,621,351
622,622,553
623,623,807
624,624,862
625,625,519
626,626,324
627,627,572
628,628,584
629,629,708
630,630,789
631,631,474
632,632,371
633,633,497
634,634,885
635,635,395
636,636,441
637,637,416
638,638,575
639,639,577
640,640,854
641,641,399
642,642,847
643,643,883
644,644,315
645,645,445
646,646,320
647,647,450
648,648,413
649,649,491
650,650,719
651,651,428
652,652,319
653,653,754
654,654,369
655,655,563
656,656,747
657,657,743
658,658,584
659,659,803
660,660,845
661,661,577
662,662,327
663,663,315
664,664,423
665,665,671
666,666,413
667,667,457
668,668,837
669,669,678
670,670,308
671,671,372
672,672,893
673,673,598
674,674,411
675,675,429
676,676,661
677,677,812
678,678,822
679,679,841
680,680,643
681,681,343
682,682,571
683,683,665
684,684,603
685,685,684
686,686,585
687,687,730
688,688,784
689,689,765
690,690,769
691,691,782
692,692,670
693,693,548
694,694,678
695,695,327
696,696,412
697,697,449
698,698,523
699,699,574
700,700,331
701,701,323
702,702,843
703,703,652
704,704,816
705,705,592
706,706,829
707,707,866
708,708,788
709,709,303
710,710,856
711,711,617
712,712,607
713,713,538
714,714,457
715,715,403
716,716,619
717,717,717
718,718,651
719,719,732
720,720,791
721,721,880
722,722,573
723,723,324
724,724,534
725,725,745
726,726,660
727,727,786
728,728,900
729,729,899
730,730,484
731,731,828
732,732,303
733,733,774
734,734,371
735,735,355
736,736,630
737,737,621
738,738,308
739,739,307
740,740,368
741,741,401
742,742,533
743,743,327
744,744,815
745,745,367
746,746,392
747,747,668
748,748,659
749,749,781
750,750,891
751,751,771
752,752,829
753,753,603
754,754,758
755,755,483
756,756,894
757,757,711
758,758,648
759,759,360
760,760,527
761,761,490
762,762,639
763,763,615
764,764,361
765,765,805
766,766,704
767,767,402
768,768,738
769,769,752
770,770,464
771,771,789
772,772,310
773,773,451
774,774,437
775,775,338
776,776,770
777,777,714
778,778,592
779,779,685
780,780,640
781,781,402
782,782,348
783,783,623
784,784,811
785,785,580
786,786,718
787,787,401
788,788,739
789,789,844
790,790,674
791,791,638
792,792,796
793,793,542
794,794,575
795,795,467
796,796,314
797,797,761
798,798,518
799,799,394
800,800,497
801,801,518
802,802,415
803,803,900
804,804,422
805,805,488
806,806,319
807,807,427
808,808,899
809,809,865
810,810,599
811,811,395
812,812,446
813,813,726
814,814,561
815,815,491
816,816,781
817,817,476
818,818,470
819,819,431
820,820,489
821,821,873
822,822,664
823,823,833
824,824,866
825,825,593
826,826,739
827,827,393
828,828,413
829,829,571
830,830,419
831,831,389
832,832,781
833,833,423
834,834,873
835,835,844
836,836,497
837,837,801
838,838,885
839,839,673
840,840,717
841,841,538
842,842,670
843,843,564
844,844,300
845,845,665
846,846,426
847,847,659
848,848,410
849,849,786
850,850,408
851,851,519
852,852,846
853,853,584
854,854,460
855,855,605
856,856,775
857,857,539
858,858,680
859,859,497
860,860,809
861,861,359
862,862,795
863,863,472
864,864,635
865,865,883
866,866,755
867,867,888
868,868,494
869,869,638
870,870,367
871,871,569
872,872,324
873,873,678
874,874,678
875,875,450
876,876,369
877,877,571
878,878,708
879,879,553
880,880,864
881,881,788
882,882,535
883,883,700
884,884,801
885,885,546
886,886,493
887,887,377
888,888,427
889,889,581
890,890,377
891,891,354
892,892,350
893,893,672
894,894,792
895,895,607
896,896,315
897,897,859
898,898,335
899,899,721
900,900,717
901,901,611
902,902,349
903,903,531
904,904,815
905,905,499
906,906,770
907,907,431
908,908,753
909,909,360
910,910,578
911,911,538
912,912,652
913,913,658
914,914,713
915,915,465
916,916,482
917,917,485
918,918,474
919,919,569
920,920,416
921,921,888
922,922,687
923,923,439
924,924,316
925,925,351
926,926,577
927,927,458
928,928,543
929,929,377
930,930,520
931,931,767
932,932,850
933,933,372
934,934,387
935,935,787
936,936,456
937,937,649
938,938,363
939,939,612
940,940,309
941,941,716
942,942,334
943,943,396
944,944,496
945,945,840
946,946,603
947,947,881
948,948,668
949,949,380
950,950,459
951,951,487
952,952,488
953,953,898
954,954,563
955,955,317
956,956,611
957,957,351
958,958,733
959,959,818
960,960,310
961,961,392
962,962,696
963,963,825
964,964,376
965,965,523
966,966,825
967,967,362
968,968,642
969,969,380
970,970,548
971,971,664
972,972,599
973,973,635
974,974,505
975,975,562
976,976,525
977,977,383
978,978,877
979,979,329
980,980,562
981,981,347
982,982,848
983,983,718
984,984,747
985,985,438
986,986,338
987,987,321
988,988,652
989,989,529
990,990,536
991,991,855
992,992,340
993,993,534
994,994,876
995,995,521
996,996,676
997,997,567
998,998,895
999,999,835
1000,1000,323
1001,1001,793
1002,1002,748
1003,1003,477
1004,1004,550
1005,1005,620
1006,1006,884
1007,1007,575
1008,1008,851
1009,1009,785
1010,1010,438
1011,1011,443
1012,1012,482
1013,1013,727
1014,1014,357
1015,1015,808
1016,1016,868
1017,1017,421
1018,1018,308
1019,1019,311
1020,1020,732
1021,1021,607
1022,1022,814
1023,1023,492
1024,1024,452
1025,1025,851
1026,1026,845
1027,1027,805
1028,1028,535
1029,1029,459
1030,1030,348
1031,1031,867
1032,1032,394
1033,1033,859
1034,1034,815
1035,1035,813
1036,1036,344
1037,1037,704
1038,1038,402
1039,1039,770
1040,1040,667
1041,1041,560
1042,1042,533
1043,1043,509
1044,1044,764
1045,1045,715
1046,1046,893
1047,1047,414
1048,1048,388
1049,1049,492
1050,1050,421
1051,1051,744
1052,1052,774
1053,1053,648
1054,1054,807
1055,1055,364
1056,1056,438
1057,1057,523
1058,1058,674
1059,1059,343
1060,1060,355
1061,1061,531
1062,1062,405
1063,1063,495
1064,1064,855
1065,1065,699
1066,1066,465
1067,1067,701
1068,1068,624
1069,1069,884
1070,1070,742
1071,1071,360
1072,1072,309
1073,1073,837
1074,1074,625
1075,1075,624
1076,1076,748
1077,1077,876
1078,1078,545
1079,1079,751
1080,1080,636
1081,1081,447
1082,1082,569
1083,1083,584
1084,1084,727
1085,1085,832
1086,1086,446
1087,1087,607
1088,1088,719
1089,1089,488
1090,1090,341
1091,1091,438
1092,1092,346
1093,1093,722
1094,1094,691
1095,1095,894
1096,1096,338
1097,1097,406
1098,1098,549
1099,1099,325
1100,1100,347
1101,1101,770
1102,1102,389
1103,1103,811
1104,1104,739
1105,1105,359
1106,1106,409
1107,1107,704
1108,1108,502
1109,1109,577
1110,1110,794
1111,1111,355
1112,1112,503
1113,1113,576
1114,1114,447
1115,1115,736
1116,1116,342
1117,1117,441
1118,1118,897
1119,1119,536
1120,1120,385
1121,1121,449
1122,1122,599
1123,1123,542
1124,1124,320
1125,1125,511
1126,1126,772
1127,1127,595
1128,1128,437
1129,1129,573
1130,1130,572
1131,1131,410
1132,1132,647
1133,1133,480
1134,1134,728
1135,1135,614
1136,1136,417
1137,1137,735
1138,1138,810
1139,1139,325
1140,1140,598
1141,1141,353
1142,1142,589
1143,1143,363
1144,1144,363
1145,1145,664
1146,1146,508
1147,1147,789
1148,1148,595
1149,1149,445
1150,1150,869
1151,1151,420
1152,1152,840
1153,1153,671
1154,1154,481
1155,1155,878
1156,1156,645
1157,1157,792
1158,1158,660
1159,1159,852
1160,1160,605
1161,1161,532
1162,1162,435
1163,1163,661
1164,1164,785
1165,1165,794
1166,1166,803
1167,1167,705
1168,1168,358
1169,1169,570
1170,1170,381
1171,1171,377
1172,1172,687
1173,1173,699
1174,1174,340
1175,1175,570
1176,1176,852
1177,1177,864
1178,1178,645
1179,1179,743
1180,1180,560
1181,1181,754
1182,1182,351
1183,1183,855
1184,1184,607
1185,1185,481
1186,1186,576
1187,1187,322
1188,1188,690
1189,1189,325
1190,1190,516
1191,1191,422
1192,1192,683
1193,1193,605
1194,1194,607
1195,1195,435
1196,1196,759
1197,1197,739
1198,1198,369
1199,1199,865
1200,1200,752
1201,1201,389
1202,1202,657
1203,1203,714
1204,1204,636
1205,1205,666
1206,1206,766
1207,1207,468
1208,1208,340
1209,1209,656
1210,1210,373
1211,1211,577
1212,1212,759
1213,1213,889
1214,1214,759
1215,1215,871
1216,1216,799
1217,1217,668
1218,1218,723
1219,1219,491
1220,1220,377
1221,1221,876
1222,1222,530
1223,1223,411
1224,1224,509
1225,1225,822
1226,1226,369
1227,1227,865
1228,1228,496
1229,1229,751
1230,1230,479
1231,1231,382
1232,1232,430
1233,1233,789
1234,1234,484
1235,1235,803
1236,1236,881
1237,1237,636
1238,1238,609
1239,1239,643
1240,1240,780
1241,1241,646
1242,1242,498
1243,1243,665
1244,1244,409
1245,1245,415
1246,1246,892
1247,1247,833
1248,1248,671
1249,1249,765
1250,1250,764
1251,1251,487
1252,1252,640
1253,1253,682
1254,1254,528
1255,1255,776
1256,1256,315
1257,1257,363
1258,1258,830
1259,1259,688
1260,1260,774
1261,1261,787
1262,1262,325
1263,1263,568
1264,1264,446
1265,1265,424
1266,1266,880
1267,1267,854
1268,1268,724
1269,1269,610
1270,1270,804
1271,1271,595
1272,1272,699
1273,1273,726
1274,1274,722
1275,1275,722
1276,1276,856
1277,1277,528
1278,1278,521
1279,1279,610
1280,1280,491
1281,1281,656
1282,1282,868
1283,1283,522
1284,1284,840
1285,1285,564
1286,1286,642
1287,1287,749
1288,1288,874
1289,1289,631
1290,1290,560
1291,1291,757
1292,1292,419
1293,1293,838
1294,1294,600
1295,1295,309
1296,1296,875
1297,1297,304
1298,1298,885
1299,1299,461
1300,1300,574
1301,1301,430
1302,1302,484
1303,1303,462
1304,1304,307
1305,1305,703
1306,1306,541
1307,1307,825
1308,1308,524
1309,1309,327
1310,1310,318
1311,1311,820
1312,1312,536
1313,1313,499
1314,1314,316
1315,1315,612
1316,1316,780
1317,1317,681
1318,1318,890
1319,1319,675
1320,1320,329
1321,1321,307
1322,1322,682
1323,1323,502
1324,1324,360
1325,1325,316
1326,1326,453
1327,1327,460
1328,1328,675
1329,1329,666
1330,1330,816
1331,1331,517
1332,1332,825
1333,1333,898
1334,1334,477
1335,1335,523
1336,1336,644
1337,1337,595
1338,1338,776
1339,1339,570
1340,1340,795
1341,1341,797
1342,1342,522
1343,1343,407
1344,1344,797
1345,1345,862
1346,1346,766
1347,1347,580
1348,1348,735
1349,1349,576
1350,1350,302
1351,1351,539
1352,1352,320
1353,1353,559
1354,1354,776
1355,1355,690
1356,1356,588
1357,1357,439
1358,1358,382
1359,1359,347
1360,1360,621
1361,1361,879
1362,1362,689
1363,1363,428
1364,1364,584
1365,1365,769
1366,1366,805
1367,1367,832
1368,1368,461
1369,1369,645
1370,1370,811
1371,1371,354
1372,1372,454
1373,1373,821
1374,1374,655
1375,1375,856
1376,1376,789
1377,1377,820
1378,1378,377
1379,1379,626
1380,1380,607
1381,1381,800
1382,1382,550
1383,1383,383
1384,1384,827
1385,1385,359
1386,1386,683
1387,1387,797
1388,1388,355
1389,1389,317
1390,1390,400
1391,1391,798
1392,1392,330
1393,1393,325
1394,1394,862
1395,1395,849
1396,1396,368
1397,1397,642
1398,1398,386
1399,1399,740
1400,1400,488
1401,1401,460
1402,1402,548
1403,1403,730
1404,1404,419
1405,1405,346
1406,1406,611
1407,1407,625
1408,1408,887
1409,1409,632
1410,1410,365
1411,1411,858
1412,1412,764
1413,1413,471
1414,1414,349
1415,1415,524
1416,1416,612
1417,1417,717
1418,1418,723
1419,1419,806
1420,1420,363
1421,1421,316
1422,1422,692
1423,1423,418
1424,1424,792
1425,1425,718
1426,1426,712
1427,1427,898
1428,1428,364
1429,1429,462
1430,1430,556
1431,1431,900
1432,1432,587
1433,1433,756
1434,1434,339
1435,1435,848
1436,1436,833
1437,1437,320
1438,1438,753
1439,1439,458
1440,1440,455
1441,1441,533
1442,1442,848
1443,1443,573
1444,1444,454
1445,1445,364
1446,1446,516
1447,1447,884
1448,1448,563
1449,1449,461
1450,1450,302
1451,1451,409
1452,1452,437
1453,1453,792
1454,1454,490
1455,1455,323
1456,1456,831
1457,1457,796
1458,1458,796
1459,1459,311
1460,1460,606
1461,1461,639
1462,1462,404
1463,1463,411
1464,1464,640
1465,1465,663
1466,1466,390
1467,1467,432
1468,1468,886
1469,1469,441
1470,1470,747
1471,1471,317
1472,1472,802
1473,1473,596
1474,1474,447
1475,1475,619
1476,1476,503
1477,1477,326
1478,1478,326
1479,1479,792
1480,1480,571
1481,1481,829
1482,1482,692
1483,1483,433
1484,1484,867
1485,1485,559
1486,1486,363
1487,1487,380
1488,1488,390
1489,1489,835
1490,1490,543
1491,1491,610
1492,1492,802
1493,1493,419
1494,1494,379
1495,1495,577
1496,1496,778
1497,1497,508
1498,1498,624
1499,1499,607
1500,1500,691
1501,1501,837
1502,1502,438
1503,1503,869
1504,1504,436
1505,1505,429
1506,1506,733
1507,1507,644
1508,1508,452
1509,1509,370
1510,1510,327
1511,1511,732
1512,1512,855
1513,1513,383
1514,1514,374
1515,1515,402
1516,1516,327
1517,1517,877
1518,1518,741
1519,1519,569
1520,1520,676
1521,1521,580
1522,1522,614
1523,1523,369
1524,1524,787
1525,1525,638
1526,1526,408
1527,1527,354
1528,1528,890
1529,1529,878
1530,1530,713
1531,1531,829
1532,1532,538
1533,1533,634
1534,1534,487
1535,1535,854
1536,1536,709
1537,1537,794
1538,1538,381
1539,1539,826
1540,1540,439
1541,1541,900
1542,1542,351
1543,1543,639
1544,1544,409
1545,1545,442
1546,1546,803
1547,1547,674
1548,1548,798
1549,1549,524
1550,1550,421
1551,1551,865
1552,1552,556
1553,1553,386
1554,1554,855
1555,1555,588
1556,1556,472
1557,1557,883
1558,1558,736
1559,1559,424
1560,1560,435
1561,1561,372
1562,1562,601
1563,1563,400
1564,1564,671
1565,1565,788
1566,1566,683
1567,1567,464
1568,1568,880
1569,1569,575
1570,1570,477
1571,1571,651
1572,1572,491
1573,1573,714
1574,1574,863
1575,1575,635
1576,1576,789
1577,1577,795
1578,1578,669
1579,1579,885
1580,1580,712
1581,1581,831
1582,1582,348
1583,1583,376
1584,1584,792
1585,1585,603
1586,1586,416
1587,1587,723
1588,1588,352
1589,1589,506
1590,1590,756
1591,1591,862
1592,1592,646
1593,1593,757
1594,1594,897
1595,1595,731
1596,1596,563
1597,1597,701
1598,1598,516
1599,1599,807
1600,1600,329
1601,1601,630
1602,1602,386
1603,1603,455
1604,1604,548
1605,1605,576
1606,1606,543
1607,1607,443
1608,1608,887
1609,1609,752
1610,1610,892
1611,1611,474
1612,1612,785
1613,1613,590
1614,1614,546
1615,1615,394
1616,1616,830
1617,1617,669
1618,1618,834
1619,1619,600
1620,1620,700
1621,1621,489
1622,1622,380
1623,1623,470
1624,1624,469
1625,1625,528
1626,1626,871
1627,1627,359
1628,1628,696
1629,1629,601
1630,1630,587
1631,1631,780
1632,1632,640
1633,1633,773
1634,1634,733
1635,1635,611
1636,1636,709
1637,1637,495
1638,1638,393
1639,1639,511
1640,1640,603
1641,1641,573
1642,1642,881
1643,1643,658
1644,1644,498
1645,1645,881
1646,1646,832
1647,1647,696
1648,1648,397
1649,1649,795
1650,1650,498
1651,1651,420
1652,1652,368
1653,1653,329
1654,1654,731
1655,1655,813
1656,1656,402
1657,1657,713
1658,1658,458
1659,1659,813
1660,1660,727
1661,1661,793
1662,1662,868
1663,1663,542
1664,1664,416
1665,1665,649
1666,1666,852
1667,1667,443
1668,1668,423
1669,1669,719
1670,1670,894
1671,1671,496
1672,1672,803
1673,1673,671
1674,1674,564
1675,1675,397
1676,1676,401
1677,1677,595
1678,1678,454
1679,1679,559
1680,1680,857
1681,1681,794
1682,1682,552
1683,1683,534
1684,1684,645
1685,1685,453
1686,1686,847
1687,1687,712
1688,1688,875
1689,1689,554
1690,1690,781
1691,1691,675
1692,1692,732
1693,1693,494
1694,1694,331
1695,1695,667
1696,1696,818
1697,1697,364
1698,1698,728
1699,1699,620
1700,1700,804
1701,1701,880
1702,1702,493
1703,1703,509
1704,1704,666
1705,1705,436
1706,1706,332
1707,1707,614
1708,1708,421
1709,1709,621
1710,1710,329
1711,1711,558
1712,1712,799
1713,1713,562
1714,1714,390
1715,1715,775
1716,1716,391
1717,1717,376
1718,1718,761
1719,1719,372
1720,1720,601
1721,1721,329
1722,1722,802
1723,1723,465
1724,1724,437
1725,1725,576
1726,1726,737
1727,1727,812
1728,1728,605
1729,1729,749
1730,1730,443
1731,1731,582
1732,1732,775
1733,1733,466
1734,1734,401
1735,1735,626
1736,1736,642
1737,1737,670
1738,1738,521
1739,1739,724
1740,1740,845
1741,1741,449
1742,1742,495
1743,1743,467
1744,1744,457
1745,1745,676
1746,1746,601
1747,1747,726
1748,1748,782
1749,1749,332
1750,1750,444
1751,1751,716
1752,1752,777
1753,1753,330
1754,1754,599
1755,1755,508
1756,1756,852
1757,1757,638
1758,1758,857
1759,1759,489
1760,1760,745
1761,1761,637
1762,1762,708
1763,1763,504
1764,1764,683
1765,1765,744
1766,1766,368
1767,1767,786
1768,1768,842
1769,1769,785
1770,1770,865
1771,1771,778
1772,1772,307
1773,1773,349
1774,1774,800
1775,1775,830
1776,1776,760
1777,1777,839
1778,1778,560
1779,1779,683
1780,1780,345
1781,1781,638
1782,1782,603
1783,1783,835
1784,1784,802
1785,1785,660
1786,1786,782
1787,1787,842
1788,1788,463
1789,1789,532
1790,1790,701
1791,1791,716
1792,1792,636
1793,1793,577
1794,1794,688
1795,1795,305
1796,1796,469
1797,1797,350
1798,1798,853
1799,1799,504
1800,1800,328
1801,1801,344
1802,1802,761
1803,1803,399
1804,1804,463
1805,1805,629
1806,1806,376
1807,1807,467
1808,1808,626
1809,1809,639
1810,1810,377
1811,1811,433
1812,1812,734
1813,1813,563
1814,1814,781
1815,1815,429
1816,1816,424
1817,1817,856
1818,1818,847
1819,1819,632
1820,1820,878
1821,1821,788
1822,1822,512
1823,1823,553
1824,1824,764
1825,1825,807
1826,1826,662
1827,1827,430
1828,1828,501
1829,1829,741
1830,1830,857
1831,1831,346
1832,1832,482
1833,1833,470
1834,1834,596
1835,1835,834
1836,1836,623
1837,1837,777
1838,1838,819
1839,1839,838
1840,1840,558
1841,1841,322
1842,1842,876
1843,1843,639
1844,1844,366
1845,1845,873
1846,1846,373
1847,1847,471
1848,1848,654
1849,1849,457
1850,1850,489
1851,1851,857
1852,1852,621
1853,1853,634
1854,1854,601
1855,1855,697
1856,1856,752
1857,1857,693
1858,1858,524
1859,1859,784
1860,1860,551
1861,1861,677
1862,1862,562
1863,1863,836
1864,1864,570
1865,1865,637
1866,1866,540
1867,1867,875
1868,1868,836
1869,1869,422
1870,1870,879
1871,1871,753
1872,1872,859
1873,1873,756
1874,1874,503
1875,1875,480
1876,1876,338
1877,1877,493
1878,1878,781
1879,1879,668
1880,1880,645
1881,1881,459
1882,1882,538
1883,1883,338
1884,1884,820
1885,1885,790
1886,1886,330
1887,1887,580
1888,1888,762
1889,1889,727
1890,1890,549
1891,1891,742
1892,1892,445
1893,1893,492
1894,1894,675
1895,1895,741
1896,1896,661
1897,1897,569
1898,1898,619
1899,1899,553
1900,1900,883
1901,1901,451
1902,1902,647
1903,1903,836
1904,1904,620
1905,1905,390
1906,1906,556
1907,1907,866
1908,1908,872
1909,1909,876
1910,1910,648
1911,1911,640
1912,1912,646
1913,1913,522
1914,1914,701
1915,1915,783
1916,1916,523
1917,1917,844
1918,1918,711
1919,1919,421
1920,1920,378
1921,1921,432
1922,1922,527
1923,1923,646
1924,1924,514
1925,1925,355
1926,1926,653
1927,1927,316
1928,1928,505
1929,1929,600
1930,1930,472
1931,1931,335
1932,1932,337
1933,1933,879
1934,1934,329
1935,1935,512
1936,1936,661
1937,1937,576
1938,1938,461
1939,1939,842
1940,1940,393
1941,1941,474
1942,1942,824
1943,1943,432
1944,1944,382
1945,1945,614
1946,1946,449
1947,1947,667
1948,1948,387
1949,1949,555
1950,1950,705
1951,1951,375
1952,1952,521
1953,1953,786
1954,1954,656
1955,1955,546
1956,1956,582
1957,1957,849
1958,1958,327
1959,1959,834
1960,1960,502
1961,1961,518
1962,1962,549
1963,1963,747
1964,1964,307
1965,1965,708
1966,1966,832
1967,1967,542
1968,1968,393
1969,1969,689
1970,1970,655
1971,1971,759
1972,1972,504
1973,1973,396
1974,1974,868
1975,1975,787
1976,1976,354
1977,1977,409
1978,1978,642
1979,1979,704
1980,1980,552
1981,1981,883
1982,1982,822
1983,1983,478
1984,1984,852
1985,1985,844
1986,1986,897
1987,1987,855
1988,1988,882
1989,1989,712
1990,1990,520
1991,1991,427
1992,1992,305
1993,1993,799
1994,1994,602
1995,1995,517
1996,1996,562
1997,1997,348
1998,1998,645
1999,1999,436
2000,2000,507
2001,2001,444
2002,2002,732
2003,2003,500
2004,2004,649
2005,2005,620
2006,2006,588
2007,2007,362
2008,2008,693
2009,2009,532
2010,2010,435
2011,2011,810
2012,2012,681
2013,2013,895
2014,2014,529
2015,2015,756
2016,2016,833
2017,2017,363
2018,2018,759
2019,2019,483
2020,2020,628
2021,2021,877
2022,2022,484
2023,2023,478
2024,2024,624
2025,2025,667
2026,2026,571
2027,2027,787
2028,2028,637
2029,2029,586
2030,2030,466
2031,2031,361
2032,2032,899
2033,2033,634
2034,2034,422
2035,2035,341
2036,2036,729
2037,2037,437
2038,2038,795
2039,2039,628
2040,2040,358
2041,2041,706
2042,2042,459
2043,2043,463
2044,2044,329
2045,2045,776
2046,2046,462
2047,2047,488
2048,2048,431
2049,2049,371
2050,2050,443
2051,2051,670
2052,2052,569
2053,2053,495
2054,2054,534
2055,2055,880
2056,2056,315
2057,2057,612
2058,2058,900
2059,2059,657
2060,2060,707
2061,2061,850
2062,2062,866
2063,2063,676
2064,2064,424
2065,2065,839
2066,2066,385
2067,2067,718
2068,2068,350
2069,2069,729
2070,2070,839
2071,2071,525
2072,2072,573
2073,2073,405
2074,2074,325
2075,2075,728
2076,2076,491
2077,2077,406
2078,2078,627
2079,2079,569
2080,2080,608
2081,2081,378
2082,2082,788
2083,2083,592
2084,2084,311
2085,2085,359
2086,2086,847
2087,2087,616
2088,2088,867
2089,2089,870
2090,2090,619
2091,2091,757
2092,2092,573
2093,2093,529
2094,2094,351
2095,2095,659
2096,2096,320
2097,2097,561
2098,2098,647
2099,2099,331
2100,2100,859
2101,2101,425
2102,2102,742
2103,2103,859
2104,2104,507
2105,2105,589
2106,2106,340
2107,2107,437
2108,2108,654
2109,2109,756
2110,2110,398
2111,2111,657
2112,2112,568
2113,2113,579
2114,2114,744
2115,2115,419
2116,2116,874
2117,2117,861
2118,2118,576
2119,2119,841
2120,2120,536
2121,2121,848
2122,2122,672
2123,2123,738
2124,2124,420
2125,2125,397
2126,2126,341
2127,2127,396
2128,2128,348
2129,2129,380
2130,2130,699
2131,2131,420
2132,2132,548
2133,2133,803
2134,2134,690
2135,2135,800
2136,2136,520
2137,2137,603
2138,2138,715
2139,2139,524
2140,2140,708
2141,2141,359
2142,2142,795
2143,2143,518
2144,2144,626
2145,2145,568
2146,2146,314
2147,2147,847
2148,2148,363
2149,2149,363
2150,2150,473
2151,2151,453
2152,2152,575
2153,2153,813
2154,2154,407
2155,2155,569
2156,2156,776
2157,2157,886
2158,2158,363
2159,2159,689
2160,2160,793
2161,2161,709
2162,2162,615
2163,2163,697
2164,2164,551
2165,2165,783
2166,2166,649
2167,2167,582
2168,2168,796
2169,2169,565
2170,2170,746
2171,2171,427
2172,2172,842
2173,2173,456
2174,2174,314
2175,2175,566
2176,2176,672
2177,2177,334
2178,2178,508
2179,2179,741
2180,2180,869
2181,2181,641
2182,2182,488
2183,2183,694
2184,2184,518
2185,2185,887
2186,2186,866
2187,2187,661
2188,2188,621
2189,2189,614
2190,2190,887
2191,2191,659
2192,2192,438
2193,2193,562
2194,2194,510
2195,2195,792
2196,2196,385
2197,2197,740
2198,2198,842
2199,2199,400
2200,2200,835
2201,2201,585
2202,2202,602
2203,2203,341
2204,2204,639
2205,2205,477
2206,2206,724
2207,2207,665
2208,2208,368
2209,2209,303
2210,2210,561
2211,2211,416
2212,2212,383
2213,2213,735
2214,2214,504
2215,2215,694
2216,2216,861
2217,2217,671
2218,2218,431
2219,2219,826
2220,2220,709
2221,2221,776
2222,2222,670
2223,2223,531
2224,2224,528
2225,2225,695
2226,2226,505
2227,2227,806
2228,2228,891
2229,2229,852
2230,2230,769
2231,2231,366
2232,2232,820
2233,2233,566
2234,2234,442
2235,2235,850
2236,2236,836
2237,2237,691
2238,2238,502
2239,2239,472
2240,2240,699
2241,2241,673
2242,2242,868
2243,2243,612
2244,2244,648
2245,2245,807
2246,2246,380
2247,2247,892
2248,2248,620
2249,2249,332
2250,2250,799
2251,2251,436
2252,2252,544
2253,2253,397
2254,2254,779
2255,2255,636
2256,2256,429
2257,2257,587
2258,2258,413
2259,2259,303
2260,2260,762
2261,2261,684
2262,2262,877
2263,2263,802
2264,2264,501
2265,2265,642
2266,2266,753
2267,2267,605
2268,2268,512
2269,2269,782
2270,2270,572
2271,2271,305
2272,2272,741
2273,2273,466
2274,2274,860
2275,2275,576
2276,2276,883
2277,2277,688
2278,2278,834
2279,2279,724
2280,2280,714
2281,2281,766
2282,2282,458
2283,2283,511
2284,2284,709
2285,2285,377
2286,2286,620
2287,2287,400
2288,2288,898
2289,2289,424
2290,2290,630
2291,2291,727
2292,2292,879
2293,2293,855
2294,2294,625
2295,2295,641
2296,2296,378
2297,2297,856
2298,2298,343
2299,2299,493
2300,2300,592
2301,2301,806
2302,2302,360
2303,2303,676
2304,2304,669
2305,2305,393
2306,2306,636
2307,2307,827
2308,2308,597
2309,2309,800
2310,2310,399
2311,2311,737
2312,2312,661
2313,2313,858
2314,2314,501
2315,2315,438
2316,2316,814
2317,2317,689
2318,2318,720
2319,2319,815
2320,2320,463
2321,2321,833
2322,2322,808
2323,2323,394
2324,2324,737
2325,2325,611
2326,2326,384
2327,2327,393
2328,2328,444
2329,2329,702
2330,2330,836
2331,2331,528
2332,2332,701
2333,2333,336
2334,2334,472
2335,2335,706
2336,2336,797
2337,2337,809
2338,2338,354
2339,2339,657
2340,2340,458
2341,2341,658
2342,2342,587
2343,2343,846
2344,2344,358
2345,2345,740
2346,2346,442
2347,2347,645
2348,2348,356
2349,2349,703
2350,2350,533
2351,2351,816
2352,2352,756
2353,2353,841
2354,2354,729
2355,2355,447
2356,2356,804
2357,2357,461
2358,2358,533
2359,2359,845
2360,2360,567
2361,2361,537
2362,2362,691
2363,2363,438
2364,2364,794
2365,2365,535
2366,2366,803
2367,2367,732
2368,2368,808
2369,2369,724
2370,2370,860
2371,2371,823
2372,2372,874
2373,2373,327
2374,2374,525
2375,2375,591
2376,2376,490
2377,2377,442
2378,2378,527
2379,2379,874
2380,2380,765
2381,2381,681
2382,2382,873
2383,2383,607
2384,2384,818
2385,2385,321
2386,2386,650
2387,2387,477
2388,2388,821
2389,2389,834
2390,2390,888
2391,2391,509
2392,2392,884
2393,2393,366
2394,2394,892
2395,2395,723
2396,2396,482
2397,2397,577
2398,2398,780
2399,2399,438
2400,2400,646
2401,2401,306
2402,2402,764
2403,2403,805
2404,2404,698
2405,2405,448
2406,2406,508
2407,2407,333
2408,2408,419
2409,2409,389
2410,2410,551
2411,2411,543
2412,2412,414
2413,2413,372
2414,2414,560
2415,2415,664
2416,2416,523
2417,2417,496
2418,2418,764
2419,2419,575
2420,2420,660
2421,2421,545
2422,2422,564
2423,2423,302
2424,2424,667
2425,2425,764
2426,2426,695
2427,2427,810
2428,2428,532
2429,2429,653
2430,2430,395
2431,2431,891
2432,2432,839
2433,2433,498
2434,2434,876
2435,2435,606
2436,2436,321
2437,2437,664
2438,2438,555
2439,2439,538
2440,2440,374
2441,2441,557
2442,2442,510
2443,2443,660
2444,2444,438
2445,2445,511
2446,2446,699
2447,2447,706
2448,2448,507
2449,2449,387
2450,2450,814
2451,2451,793
2452,2452,365
2453,2453,700
2454,2454,680
2455,2455,374
2456,2456,385
2457,2457,891
2458,2458,551
2459,2459,709
2460,2460,784
2461,2461,305
2462,2462,441
2463,2463,593
2464,2464,658
2465,2465,777
2466,2466,685
2467,2467,691
2468,2468,308
2469,2469,401
2470,2470,593
2471,2471,380
2472,2472,552
2473,2473,816
2474,2474,373
2475,2475,405
2476,2476,824
2477,2477,342
2478,2478,570
2479,2479,545
2480,2480,422
2481,2481,306
2482,2482,752
2483,2483,710
2484,2484,725
2485,2485,438
2486,2486,674
2487,2487,667
2488,2488,840
2489,2489,426
2490,2490,301
2491,2491,539
2492,2492,898
2493,2493,391
2494,2494,509
2495,2495,406
2496,2496,387
2497,2497,718
2498,2498,443
2499,2499,424
2500,2500,546
2501,2501,407
2502,2502,534
2503,2503,600
2504,2504,477
2505,2505,397
2506,2506,661
2507,2507,424
2508,2508,584
2509,2509,885
2510,2510,352
2511,2511,505
2512,2512,864
2513,2513,374
2514,2514,467
2515,2515,751
2516,2516,308
2517,2517,516
2518,2518,388
2519,2519,699
2520,2520,452
2521,2521,466
2522,2522,318
2523,2523,433
2524,2524,585
2525,2525,724
2526,2526,502
2527,2527,588
2528,2528,604
2529,2529,512
2530,2530,883
2531,2531,746
2532,2532,694
2533,2533,480
2534,2534,344
2535,2535,436
2536,2536,507
2537,2537,312
2538,2538,533
2539,2539,540
2540,2540,528
2541,2541,442
2542,2542,455
2543,2543,508
2544,2544,578
2545,2545,718
2546,2546,387
2547,2547,332
2548,2548,739
2549,2549,831
2550,2550,850
2551,2551,405
2552,2552,772
2553,2553,577
2554,2554,862
2555,2555,656
2556,2556,866
2557,2557,534
2558,2558,497
2559,2559,401
2560,2560,813
2561,2561,418
2562,2562,362
2563,2563,465
2564,2564,814
2565,2565,408
2566,2566,788
2567,2567,447
2568,2568,391
2569,2569,413
2570,2570,579
2571,2571,653
2572,2572,721
2573,2573,851
2574,2574,349
2575,2575,806
2576,2576,845
2577,2577,898
2578,2578,716
2579,2579,786
2580,2580,318
2581,2581,774
2582,2582,435
2583,2583,458
2584,2584,671
2585,2585,686
2586,2586,715
2587,2587,659
2588,2588,349
2589,2589,883
2590,2590,493
2591,2591,359
2592,2592,468
2593,2593,484
2594,2594,443
2595,2595,691
2596,2596,522
2597,2597,560
2598,2598,828
2599,2599,558
2600,2600,862
2601,2601,540
2602,2602,805
2603,2603,493
2604,2604,635
2605,2605,307
2606,2606,832
2607,2607,510
2608,2608,667
2609,2609,472
2610,2610,534
2611,2611,314
2612,2612,892
2613,2613,673
2614,2614,419
2615,2615,640
2616,2616,729
2617,2617,833
2618,2618,514
2619,2619,547
2620,2620,860
2621,2621,303
2622,2622,810
2623,2623,707
2624,2624,684
2625,2625,364
2626,2626,550
2627,2627,638
2628,2628,356
2629,2629,884
2630,2630,480
2631,2631,436
2632,2632,749
2633,2633,899
2634,2634,769
2635,2635,388
2636,2636,574
2637,2637,563
2638,2638,875
2639,2639,829
2640,2640,651
2641,2641,729
2642,2642,416
2643,2643,720
2644,2644,311
2645,2645,358
2646,2646,843
2647,2647,721
2648,2648,534
2649,2649,528
2650,2650,560
2651,2651,879
2652,2652,562
2653,2653,883
2654,2654,387
2655,2655,514
2656,2656,536
2657,2657,686
2658,2658,525
2659,2659,451
2660,2660,474
2661,2661,686
2662,2662,870
2663,2663,433
2664,2664,712
2665,2665,610
2666,2666,580
2667,2667,677
2668,2668,372
2669,2669,644
2670,2670,589
2671,2671,617
2672,2672,803
2673,2673,890
2674,2674,751
2675,2675,836
2676,2676,610
2677,2677,607
2678,2678,760
2679,2679,519
2680,2680,811
2681,2681,734
2682,2682,853
2683,2683,846
2684,2684,503
2685,2685,817
2686,2686,498
2687,2687,875
2688,2688,656
2689,2689,892
2690,2690,450
2691,2691,563
2692,2692,892
2693,2693,667
2694,2694,493
2695,2695,590
2696,2696,415
2697,2697,828
2698,2698,515
2699,2699,325
2700,2700,317
2701,2701,900
2702,2702,641
2703,2703,671
2704,2704,554
2705,2705,645
2706,2706,459
2707,2707,873
2708,2708,868
2709,2709,724
2710,2710,753
2711,2711,410
2712,2712,721
2713,2713,754
2714,2714,804
2715,2715,814
2716,2716,476
2717,2717,533
2718,2718,811
2719,2719,875
2720,2720,656
2721,2721,322
2722,2722,724
2723,2723,668
2724,2724,672
2725,2725,640
2726,2726,443
2727,2727,688
2728,2728,408
2729,2729,857
2730,2730,370
2731,2731,662
2732,2732,300
2733,2733,362
2734,2734,407
2735,2735,670
2736,2736,313
2737,2737,610
2738,2738,577
2739,2739,611
2740,2740,753
2741,2741,333
2742,2742,372
2743,2743,794
2744,2744,641
2745,2745,464
2746,2746,682
2747,2747,664
2748,2748,364
2749,2749,515
2750,2750,682
2751,2751,378
2752,2752,347
2753,2753,424
2754,2754,399
2755,2755,540
2756,2756,692
2757,2757,804
2758,2758,698
2759,2759,378
2760,2760,848
2761,2761,695
2762,2762,875
2763,2763,315
2764,2764,710
2765,2765,829
2766,2766,509
2767,2767,775
2768,2768,800
2769,2769,391
2770,2770,482
2771,2771,519
2772,2772,362
2773,2773,454
2774,2774,846
2775,2775,526
2776,2776,480
2777,2777,853
2778,2778,674
2779,2779,395
2780,2780,320
2781,2781,355
2782,2782,596
2783,2783,465
2784,2784,399
2785,2785,435
2786,2786,549
2787,2787,402
2788,2788,880
2789,2789,708
2790,2790,337
2791,2791,375
2792,2792,756
2793,2793,697
2794,2794,842
2795,2795,834
2796,2796,721
2797,2797,709
2798,2798,403
2799,2799,434
2800,2800,401
2801,2801,744
2802,2802,857
2803,2803,864
2804,2804,697
2805,2805,826
2806,2806,739
2807,2807,855
2808,2808,450
2809,2809,449
2810,2810,857
2811,2811,452
2812,2812,436
2813,2813,732
2814,2814,319
2815,2815,763
2816,2816,531
2817,2817,539
2818,2818,527
2819,2819,393
2820,2820,526
2821,2821,434
2822,2822,576
2823,2823,361
2824,2824,484
2825,2825,877
2826,2826,390
2827,2827,794
2828,2828,422
2829,2829,845
2830,2830,747
2831,2831,684
2832,2832,671
2833,2833,449
2834,2834,643
2835,2835,819
2836,2836,704
2837,2837,581
2838,2838,768
2839,2839,476
2840,2840,691
2841,2841,421
2842,2842,631
2843,2843,311
2844,2844,669
2845,2845,586
2846,2846,874
2847,2847,700
2848,2848,598
2849,2849,818
2850,2850,586
2851,2851,858
2852,2852,503
2853,2853,900
2854,2854,360
2855,2855,769
2856,2856,401
2857,2857,363
2858,2858,864
2859,2859,348
2860,2860,882
2861,2861,315
2862,2862,830
2863,2863,600
2864,2864,689
2865,2865,586
2866,2866,479
2867,2867,473
2868,2868,775
2869,2869,396
2870,2870,551
2871,2871,536
2872,2872,540
2873,2873,894
2874,2874,849
2875,2875,319
2876,2876,348
2877,2877,544
2878,2878,850
2879,2879,673
2880,2880,325
2881,2881,720
2882,2882,672
2883,2883,823
2884,2884,375
2885,2885,649
2886,2886,898
2887,2887,804
2888,2888,355
2889,2889,405
2890,2890,426
2891,2891,536
2892,2892,434
2893,2893,740
2894,2894,683
2895,2895,838
2896,2896,887
2897,2897,322
2898,2898,770
2899,2899,895
2900,2900,696
2901,2901,702
2902,2902,705
2903,2903,432
2904,2904,611
2905,2905,673
2906,2906,535
2907,2907,430
2908,2908,774
2909,2909,381
2910,2910,477
2911,2911,499
2912,2912,678
2913,2913,576
2914,2914,347
2915,2915,855
2916,2916,778
2917,2917,508
2918,2918,685
2919,2919,555
2920,2920,612
2921,2921,873
2922,2922,658
2923,2923,841
2924,2924,389
2925,2925,484
2926,2926,380
2927,2927,809
2928,2928,322
2929,2929,680
2930,2930,470
2931,2931,876
2932,2932,414
2933,2933,851
2934,2934,415
2935,2935,727
2936,2936,342
2937,2937,532
2938,2938,428
2939,2939,618
2940,2940,403
2941,2941,723
2942,2942,308
2943,2943,531
2944,2944,373
2945,2945,385
2946,2946,641
2947,2947,566
2948,2948,672
2949,2949,463
2950,2950,543
2951,2951,900
2952,2952,636
2953,2953,771
2954,2954,722
2955,2955,693
2956,2956,553
2957,2957,563
2958,2958,604
2959,2959,352
2960,2960,823
2961,2961,656
2962,2962,896
2963,2963,785
2964,2964,775
2965,2965,731
2966,2966,304
2967,2967,650
2968,2968,314
2969,2969,759
2970,2970,812
2971,2971,823
2972,2972,753
2973,2973,479
2974,2974,831
2975,2975,879
2976,2976,672
2977,2977,693
2978,2978,505
2979,2979,776
2980,2980,700
2981,2981,751
2982,2982,487
2983,2983,751
2984,2984,341
2985,2985,352
2986,2986,456
2987,2987,542
2988,2988,780
2989,2989,782
2990,2990,692
2991,2991,325
2992,2992,779
2993,2993,828
2994,2994,446
2995,2995,651
2996,2996,610
2997,2997,662
2998,2998,487
2999,2999,409
3000,3000,412
